Fraction,Profit,Realm,Week Num
alliance,12424551.093941715,tichondrius,11.0
alliance,15398757.389101632,tichondrius,12.0
alliance,12569706.425250048,tichondrius,13.0
alliance,9946454.296258347,tichondrius,14.0
alliance,11467488.503879568,tichondrius,15.0
alliance,11694570.131686226,tichondrius,16.0
alliance,11616211.810676899,tichondrius,17.0
alliance,9796169.23406905,tichondrius,18.0
alliance,11047913.068875518,tichondrius,19.0
alliance,10577731.661716688,tichondrius,20.0
alliance,11905347.020065246,tichondrius,21.0
alliance,12270929.60823905,tichondrius,22.0
alliance,11856667.786738856,tichondrius,23.0
alliance,12229239.282201443,tichondrius,24.0
alliance,12625971.116621673,tichondrius,25.0
alliance,11312806.216477184,tichondrius,26.0
alliance,11232122.947414344,tichondrius,27.0
alliance,12070562.084315987,tichondrius,28.0
alliance,11642668.4398105,tichondrius,29.0
alliance,12163932.728793824,tichondrius,30.0
alliance,11309698.460154032,tichondrius,31.0
alliance,11447661.819341647,tichondrius,32.0
alliance,10516311.736523127,tichondrius,33.0
alliance,11969827.54007003,tichondrius,34.0
alliance,12993232.284766715,tichondrius,35.0
alliance,12741171.905278593,tichondrius,36.0
alliance,13375852.6726265,tichondrius,37.0
alliance,13772686.843027443,tichondrius,38.0
alliance,12403928.0491819,tichondrius,39.0
alliance,11870040.580260012,tichondrius,40.0
alliance,14251595.699349865,tichondrius,41.0
alliance,684209.7384166665,illidan,11.0
alliance,409022.33597071416,illidan,12.0
alliance,426160.91619380936,illidan,13.0
alliance,385902.93265999964,illidan,14.0
alliance,407983.9090385713,illidan,15.0
alliance,1119781.304339283,illidan,16.0
alliance,1126129.9234040468,illidan,17.0
alliance,1491517.654415952,illidan,18.0
alliance,1324907.2253499993,illidan,19.0
alliance,632514.3025900004,illidan,20.0
alliance,593078.4274535706,illidan,21.0
alliance,416652.6263300002,illidan,22.0
alliance,713557.6025849996,illidan,23.0
alliance,496136.29585809493,illidan,24.0
alliance,486587.7047211904,illidan,25.0
alliance,817966.7280445234,illidan,26.0
alliance,788107.9777947619,illidan,27.0
alliance,716413.3514840476,illidan,28.0
alliance,561127.2788976185,illidan,29.0
alliance,717706.4051883336,illidan,30.0
alliance,1274628.5921497613,illidan,31.0
alliance,775798.2816738094,illidan,32.0
alliance,551644.961565,illidan,33.0
alliance,562393.7299792857,illidan,34.0
alliance,637701.8887611894,illidan,35.0
alliance,559850.0840145238,illidan,36.0
alliance,580924.334319047,illidan,37.0
alliance,677658.0221433332,illidan,38.0
alliance,1578318.9170578567,illidan,39.0
alliance,1600068.28134881,illidan,40.0
alliance,520745.3929614286,illidan,41.0
alliance,3948787.962799994,area-52,11.0
alliance,4035934.3653307133,area-52,12.0
alliance,2930791.62198881,area-52,13.0
alliance,3060860.8412666707,area-52,14.0
alliance,3491081.870417865,area-52,15.0
alliance,2378488.457991192,area-52,16.0
alliance,2763183.97321833,area-52,17.0
alliance,2285752.4853197644,area-52,18.0
alliance,2686829.1760166697,area-52,19.0
alliance,3543747.810880005,area-52,20.0
alliance,6235025.895865959,area-52,21.0
alliance,5057435.022566673,area-52,22.0
alliance,2908154.8774611973,area-52,23.0
alliance,993740389.9321554,area-52,24.0
alliance,3142404.759481188,area-52,25.0
alliance,2307735.769752146,area-52,26.0
alliance,3106591.6606485792,area-52,27.0
alliance,3277732.869427621,area-52,28.0
alliance,4356475.52599405,area-52,29.0
alliance,3478497.3863083366,area-52,30.0
alliance,3209724.3415166712,area-52,31.0
alliance,4719353.344863105,area-52,32.0
alliance,2532241.795998575,area-52,33.0
alliance,3826786.6230533444,area-52,34.0
alliance,3173375.5289945253,area-52,35.0
alliance,3256405.621335716,area-52,36.0
alliance,2854133.982547621,area-52,37.0
alliance,2420670.255833575,area-52,38.0
alliance,2935677.8106976207,area-52,39.0
alliance,2406355.2279185695,area-52,40.0
alliance,3353484.0329035763,area-52,41.0
alliance,29286851.585883223,stormrage,11.0
alliance,28708861.572996613,stormrage,12.0
alliance,30840680.80898738,stormrage,13.0
alliance,27409754.72065819,stormrage,14.0
alliance,27427927.427103277,stormrage,15.0
alliance,30117493.860586524,stormrage,16.0
alliance,48464590.08005277,stormrage,17.0
alliance,33030338.611619066,stormrage,18.0
alliance,34651611.27469518,stormrage,19.0
alliance,32067548.183404814,stormrage,20.0
alliance,38833622.99875146,stormrage,21.0
alliance,38550132.78648462,stormrage,22.0
alliance,30406406.96092737,stormrage,23.0
alliance,29633117.963130645,stormrage,24.0
alliance,27164876.844946098,stormrage,25.0
alliance,28618123.568250652,stormrage,26.0
alliance,33072059.95948092,stormrage,27.0
alliance,30065972.39337432,stormrage,28.0
alliance,30876665.63339064,stormrage,29.0
alliance,30773962.543545015,stormrage,30.0
alliance,26368687.85487151,stormrage,31.0
alliance,25946789.60345333,stormrage,32.0
alliance,29092705.43123688,stormrage,33.0
alliance,29569759.2856899,stormrage,34.0
alliance,25988539.876418896,stormrage,35.0
alliance,27880473.062293228,stormrage,36.0
alliance,28188547.997042615,stormrage,37.0
alliance,26991660.875470113,stormrage,38.0
alliance,30697448.98324093,stormrage,39.0
alliance,27858196.765043784,stormrage,40.0
alliance,30390141.74918221,stormrage,41.0
alliance,28502683.586216584,darkspear,11.0
alliance,30000012.54455156,darkspear,12.0
alliance,30435760.05933527,darkspear,13.0
alliance,28605084.700405024,darkspear,14.0
alliance,30494105.743631527,darkspear,15.0
alliance,28836725.579149053,darkspear,16.0
alliance,30573414.0349563,darkspear,17.0
alliance,28021481.67078872,darkspear,18.0
alliance,32716449.443742435,darkspear,19.0
alliance,31827692.436491594,darkspear,20.0
alliance,26826719.986419436,darkspear,21.0
alliance,32318323.662301637,darkspear,22.0
alliance,31937803.494014464,darkspear,23.0
alliance,25823398.15249654,darkspear,24.0
alliance,206044206.65347123,darkspear,25.0
alliance,29308104.88365087,darkspear,26.0
alliance,30483828.58547541,darkspear,27.0
alliance,25346672.305400077,darkspear,28.0
alliance,33067020.813986685,darkspear,29.0
alliance,35279454.1420986,darkspear,30.0
alliance,35833471.22155276,darkspear,31.0
alliance,34794695.33656009,darkspear,32.0
alliance,35783041.95327985,darkspear,33.0
alliance,32853129.08111738,darkspear,34.0
alliance,30949287.118633926,darkspear,35.0
alliance,37163120.51388638,darkspear,36.0
alliance,32859083.689202484,darkspear,37.0
alliance,29255976.001003664,darkspear,38.0
alliance,33143013.38269568,darkspear,39.0
alliance,32816731.365852024,darkspear,40.0
alliance,31840516.482494295,darkspear,41.0
alliance,18606715.037241675,frostmourne,11.0
alliance,22624255.907235123,frostmourne,12.0
alliance,20878114.53092973,frostmourne,13.0
alliance,18993109.056996617,frostmourne,14.0
alliance,20689320.1220374,frostmourne,15.0
alliance,21584970.913934972,frostmourne,16.0
alliance,22964888.524058685,frostmourne,17.0
alliance,20537305.75623828,frostmourne,18.0
alliance,20826255.677592423,frostmourne,19.0
alliance,20571429.13760004,frostmourne,20.0
alliance,16817070.344964962,frostmourne,21.0
alliance,15866479.673083354,frostmourne,22.0
alliance,19684783.031761404,frostmourne,23.0
alliance,22265815.748398267,frostmourne,24.0
alliance,20335963.79342859,frostmourne,25.0
alliance,21745067.90798593,frostmourne,26.0
alliance,20696658.160411373,frostmourne,27.0
alliance,18389866.322100017,frostmourne,28.0
alliance,21669869.932488322,frostmourne,29.0
alliance,21629078.72434335,frostmourne,30.0
alliance,18233971.87231505,frostmourne,31.0
alliance,22351723.845922884,frostmourne,32.0
alliance,23741366.98062334,frostmourne,33.0
alliance,21998848.145973295,frostmourne,34.0
alliance,21688294.284894988,frostmourne,35.0
alliance,22223591.474150747,frostmourne,36.0
alliance,24721013.35746836,frostmourne,37.0
alliance,22642723.82435163,frostmourne,38.0
alliance,22359451.097810477,frostmourne,39.0
alliance,20907963.689790536,frostmourne,40.0
alliance,21281326.422029965,frostmourne,41.0
alliance,23358946.466274876,sargeras,11.0
alliance,25580216.049261607,sargeras,12.0
alliance,24021840.1016097,sargeras,13.0
alliance,23734991.26819004,sargeras,14.0
alliance,24800820.821908366,sargeras,15.0
alliance,24437786.90446077,sargeras,16.0
alliance,26189951.021826647,sargeras,17.0
alliance,25333545.291926153,sargeras,18.0
alliance,29538106.01351607,sargeras,19.0
alliance,33117604.8746433,sargeras,20.0
alliance,30361682.592970625,sargeras,21.0
alliance,32041156.67084022,sargeras,22.0
alliance,32482945.992730025,sargeras,23.0
alliance,33406493.862295374,sargeras,24.0
alliance,35093711.01072608,sargeras,25.0
alliance,33235395.836629547,sargeras,26.0
alliance,33575558.516440004,sargeras,27.0
alliance,33765636.00889062,sargeras,28.0
alliance,34411962.56323136,sargeras,29.0
alliance,33249831.88833824,sargeras,30.0
alliance,32456353.23937151,sargeras,31.0
alliance,34399986.44292447,sargeras,32.0
alliance,36117535.19456482,sargeras,33.0
alliance,37730214.829725444,sargeras,34.0
alliance,28335767.702139918,sargeras,35.0
alliance,35161700.12466754,sargeras,36.0
alliance,37177203.33019784,sargeras,37.0
alliance,36433425.88813935,sargeras,38.0
alliance,27972717.861447804,sargeras,39.0
alliance,30490576.082973927,sargeras,40.0
alliance,30453313.220557,sargeras,41.0
alliance,6121929.219908341,zuljin,11.0
alliance,7511675.36845119,zuljin,12.0
alliance,7619739.867406704,zuljin,13.0
alliance,6763883.818046677,zuljin,14.0
alliance,7449548.0809269305,zuljin,15.0
alliance,8380098.204569015,zuljin,16.0
alliance,5447031.31891572,zuljin,17.0
alliance,4143289.8648309545,zuljin,18.0
alliance,4325163.009229047,zuljin,19.0
alliance,5713308.17821,zuljin,20.0
alliance,4063312.0219730963,zuljin,21.0
alliance,5278683.7952447655,zuljin,22.0
alliance,4577670.323401197,zuljin,23.0
alliance,5010621.565673343,zuljin,24.0
alliance,5487519.737111433,zuljin,25.0
alliance,6465747.532755969,zuljin,26.0
alliance,6918387.560729749,zuljin,27.0
alliance,6444719.769996203,zuljin,28.0
alliance,6478865.140725717,zuljin,29.0
alliance,7329745.84030001,zuljin,30.0
alliance,7184051.259385726,zuljin,31.0
alliance,6286275.281430026,zuljin,32.0
alliance,6136514.938659061,zuljin,33.0
alliance,6109202.713402845,zuljin,34.0
alliance,7085959.866640009,zuljin,35.0
alliance,6334270.63190264,zuljin,36.0
alliance,5947504.092860967,zuljin,37.0
alliance,7367260.312937404,zuljin,38.0
alliance,6844311.409598127,zuljin,39.0
alliance,4950679.562131672,zuljin,40.0
alliance,6135240.342377396,zuljin,41.0
alliance,15942553.851675032,bleeding-hollow,11.0
alliance,6898612.0258083455,bleeding-hollow,12.0
alliance,11991928.642378785,bleeding-hollow,13.0
alliance,8102632.261519989,bleeding-hollow,14.0
alliance,9312816.993571922,bleeding-hollow,15.0
alliance,7195078.407507175,bleeding-hollow,16.0
alliance,11126398.640122427,bleeding-hollow,17.0
alliance,8835328.357263848,bleeding-hollow,18.0
alliance,8006102.743716686,bleeding-hollow,19.0
alliance,6928861.064880021,bleeding-hollow,20.0
alliance,7232048.434576692,bleeding-hollow,21.0
alliance,7271825.503416684,bleeding-hollow,22.0
alliance,7152232.726739788,bleeding-hollow,23.0
alliance,7583811.420225027,bleeding-hollow,24.0
alliance,6378632.256616439,bleeding-hollow,25.0
alliance,6173686.003517665,bleeding-hollow,26.0
alliance,6915077.537314308,bleeding-hollow,27.0
alliance,6542028.919701439,bleeding-hollow,28.0
alliance,6503264.410754299,bleeding-hollow,29.0
alliance,7833377.174576691,bleeding-hollow,30.0
alliance,8754957.89972073,bleeding-hollow,31.0
alliance,10088926.09532001,bleeding-hollow,32.0
alliance,9616491.409507152,bleeding-hollow,33.0
alliance,9417348.914547144,bleeding-hollow,34.0
alliance,10082423.62366266,bleeding-hollow,35.0
alliance,9051370.376493813,bleeding-hollow,36.0
alliance,9610325.828471694,bleeding-hollow,37.0
alliance,8344415.449199996,bleeding-hollow,38.0
alliance,8708102.704047646,bleeding-hollow,39.0
alliance,8033580.467123381,bleeding-hollow,40.0
alliance,8626160.222683126,bleeding-hollow,41.0
alliance,6752188.405100003,kiljaeden,11.0
alliance,11916519.028832609,kiljaeden,12.0
alliance,11174520.44565573,kiljaeden,13.0
alliance,14228546.70808836,kiljaeden,14.0
alliance,13109707.637276182,kiljaeden,15.0
alliance,17430378.180464085,kiljaeden,16.0
alliance,12596543.20576072,kiljaeden,17.0
alliance,8392487.161176464,kiljaeden,18.0
alliance,6748355.001700016,kiljaeden,19.0
alliance,7872343.022743346,kiljaeden,20.0
alliance,10881449.80014834,kiljaeden,21.0
alliance,11748641.367958348,kiljaeden,22.0
alliance,7138027.505796931,kiljaeden,23.0
alliance,11017917.287544325,kiljaeden,24.0
alliance,11808348.687271936,kiljaeden,25.0
alliance,11430305.0808624,kiljaeden,26.0
alliance,12287763.964335004,kiljaeden,27.0
alliance,12376123.89462405,kiljaeden,28.0
alliance,13172059.044612415,kiljaeden,29.0
alliance,8260620.87111074,kiljaeden,30.0
alliance,11653659.305629991,kiljaeden,31.0
alliance,12436891.645537887,kiljaeden,32.0
alliance,8088977.93659288,kiljaeden,33.0
alliance,11911885.777589746,kiljaeden,34.0
alliance,12299961.714060266,kiljaeden,35.0
alliance,7800750.100970487,kiljaeden,36.0
alliance,7228405.770133345,kiljaeden,37.0
alliance,16381275.985345313,kiljaeden,38.0
alliance,13942496.62732548,kiljaeden,39.0
alliance,8611206.921013122,kiljaeden,40.0
alliance,9499251.599082157,kiljaeden,41.0
alliance,21164426.10504998,proudmoore,11.0
alliance,25310086.367414616,proudmoore,12.0
alliance,23848963.15884696,proudmoore,13.0
alliance,24842917.8558833,proudmoore,14.0
alliance,24900814.54741095,proudmoore,15.0
alliance,23299151.167479564,proudmoore,16.0
alliance,21214046.118221857,proudmoore,17.0
alliance,20902879.24383448,proudmoore,18.0
alliance,890010408.1593658,proudmoore,19.0
alliance,24655547.74503171,proudmoore,20.0
alliance,22902224.068530943,proudmoore,21.0
alliance,22263886.195958298,proudmoore,22.0
alliance,23743037.62391206,proudmoore,23.0
alliance,23207221.006246816,proudmoore,24.0
alliance,20633912.491017837,proudmoore,25.0
alliance,25051161.638616346,proudmoore,26.0
alliance,23341367.72569545,proudmoore,27.0
alliance,23772041.232599948,proudmoore,28.0
alliance,22979197.03387448,proudmoore,29.0
alliance,26246434.35305423,proudmoore,30.0
alliance,25233704.77395111,proudmoore,31.0
alliance,25940040.900424987,proudmoore,32.0
alliance,23284472.493980244,proudmoore,33.0
alliance,24258284.594010003,proudmoore,34.0
alliance,26164182.701776948,proudmoore,35.0
alliance,22917626.72981074,proudmoore,36.0
alliance,22989787.21251213,proudmoore,37.0
alliance,22218040.964929223,proudmoore,38.0
alliance,25952610.853870604,proudmoore,39.0
alliance,22701796.9530515,proudmoore,40.0
alliance,30635063.154502586,proudmoore,41.0
alliance,25496346.784733344,kelthuzad,11.0
alliance,28577321.65929668,kelthuzad,12.0
alliance,28125968.144239616,kelthuzad,13.0
alliance,23383079.24814668,kelthuzad,14.0
alliance,23339262.550828766,kelthuzad,15.0
alliance,22977499.25000341,kelthuzad,16.0
alliance,22997678.459979482,kelthuzad,17.0
alliance,22602747.618407764,kelthuzad,18.0
alliance,22389858.521449912,kelthuzad,19.0
alliance,23216501.130913213,kelthuzad,20.0
alliance,23275863.81538112,kelthuzad,21.0
alliance,23585074.82071983,kelthuzad,22.0
alliance,23018058.32682546,kelthuzad,23.0
alliance,24865974.08431599,kelthuzad,24.0
alliance,23089665.151544593,kelthuzad,25.0
alliance,27155933.88943873,kelthuzad,26.0
alliance,28310889.767225437,kelthuzad,27.0
alliance,27808762.54078139,kelthuzad,28.0
alliance,26476333.034076292,kelthuzad,29.0
alliance,27572973.199256007,kelthuzad,30.0
alliance,26178395.912718236,kelthuzad,31.0
alliance,25618854.372797955,kelthuzad,32.0
alliance,25232850.66711307,kelthuzad,33.0
alliance,26147642.43861824,kelthuzad,34.0
alliance,25668320.21477284,kelthuzad,35.0
alliance,32400825.89713184,kelthuzad,36.0
alliance,36380871.058809,kelthuzad,37.0
alliance,25852700.610801984,kelthuzad,38.0
alliance,26260333.677780453,kelthuzad,39.0
alliance,25856912.573366385,kelthuzad,40.0
alliance,25694377.479109492,kelthuzad,41.0
alliance,17596474.269949976,moon-guard,11.0
alliance,19087517.872023035,moon-guard,12.0
alliance,19697015.85237691,moon-guard,13.0
alliance,21453478.657744806,moon-guard,14.0
alliance,21674814.69313345,moon-guard,15.0
alliance,19744414.943410113,moon-guard,16.0
alliance,18706094.511380244,moon-guard,17.0
alliance,17658862.72964928,moon-guard,18.0
alliance,16236676.341550041,moon-guard,19.0
alliance,17467466.19546002,moon-guard,20.0
alliance,18647908.105426412,moon-guard,21.0
alliance,17937451.473599993,moon-guard,22.0
alliance,17439716.289196182,moon-guard,23.0
alliance,19389230.6799728,moon-guard,24.0
alliance,16050374.735814262,moon-guard,25.0
alliance,19854004.330941178,moon-guard,26.0
alliance,18305417.351819053,moon-guard,27.0
alliance,17575667.510931883,moon-guard,28.0
alliance,18846275.767472807,moon-guard,29.0
alliance,20381423.07413138,moon-guard,30.0
alliance,26588163.87721549,moon-guard,31.0
alliance,16984056.513464935,moon-guard,32.0
alliance,17779200.112890523,moon-guard,33.0
alliance,17496910.837916683,moon-guard,34.0
alliance,16249059.01884741,moon-guard,35.0
alliance,16346954.687077893,moon-guard,36.0
alliance,17453073.07947779,moon-guard,37.0
alliance,22043207.294395998,moon-guard,38.0
alliance,16788962.519370656,moon-guard,39.0
alliance,19280850.0026204,moon-guard,40.0
alliance,17908050.967230357,moon-guard,41.0
alliance,3563254.320566669,thrall,11.0
alliance,3179447.316108336,thrall,12.0
alliance,2952052.214600714,thrall,13.0
alliance,2970759.254478336,thrall,14.0
alliance,3091705.5957907154,thrall,15.0
alliance,2852858.79401643,thrall,16.0
alliance,2815319.720782622,thrall,17.0
alliance,2809527.841013098,thrall,18.0
alliance,3188876.183289047,thrall,19.0
alliance,2693810.2285216693,thrall,20.0
alliance,2929166.452508341,thrall,21.0
alliance,2725046.0883285706,thrall,22.0
alliance,2523877.5041576196,thrall,23.0
alliance,2825245.029228813,thrall,24.0
alliance,2707165.648865477,thrall,25.0
alliance,2569834.9871414304,thrall,26.0
alliance,2673935.9727985747,thrall,27.0
alliance,3553554.4545081044,thrall,28.0
alliance,3076188.8400854827,thrall,29.0
alliance,2613563.781968571,thrall,30.0
alliance,2679922.968263575,thrall,31.0
alliance,2690186.0162816644,thrall,32.0
alliance,2913580.0464845304,thrall,33.0
alliance,2741237.4998800014,thrall,34.0
alliance,2537439.736206195,thrall,35.0
alliance,2649474.8831118997,thrall,36.0
alliance,2679602.1588666695,thrall,37.0
alliance,2750372.52375691,thrall,38.0
alliance,2570077.3972611907,thrall,39.0
alliance,4340302.014356663,thrall,40.0
alliance,2365317.433405001,thrall,41.0
alliance,16208959.576191649,wyrmrest-accord,11.0
alliance,17632858.097311642,wyrmrest-accord,12.0
alliance,15262172.795350265,wyrmrest-accord,13.0
alliance,15586518.689254966,wyrmrest-accord,14.0
alliance,18351217.883470967,wyrmrest-accord,15.0
alliance,16524445.6628598,wyrmrest-accord,16.0
alliance,15417647.800880501,wyrmrest-accord,17.0
alliance,14782055.658339512,wyrmrest-accord,18.0
alliance,15300905.314354299,wyrmrest-accord,19.0
alliance,15190902.943195013,wyrmrest-accord,20.0
alliance,16063819.828735266,wyrmrest-accord,21.0
alliance,15823828.016629511,wyrmrest-accord,22.0
alliance,16080284.253859237,wyrmrest-accord,23.0
alliance,15109953.08730071,wyrmrest-accord,24.0
alliance,17253572.138270445,wyrmrest-accord,25.0
alliance,16800192.75839308,wyrmrest-accord,26.0
alliance,17623905.28996694,wyrmrest-accord,27.0
alliance,21682751.27034113,wyrmrest-accord,28.0
alliance,17459421.446492348,wyrmrest-accord,29.0
alliance,20435299.94556166,wyrmrest-accord,30.0
alliance,19994252.259043973,wyrmrest-accord,31.0
alliance,21795881.938546557,wyrmrest-accord,32.0
alliance,21654836.98177708,wyrmrest-accord,33.0
alliance,18137331.575244732,wyrmrest-accord,34.0
alliance,15216515.448290534,wyrmrest-accord,35.0
alliance,18730505.787603416,wyrmrest-accord,36.0
alliance,20728092.211111896,wyrmrest-accord,37.0
alliance,18441115.387468312,wyrmrest-accord,38.0
alliance,19412903.318735678,wyrmrest-accord,39.0
alliance,18312178.50674024,wyrmrest-accord,40.0
alliance,18056849.666565247,wyrmrest-accord,41.0
alliance,10466122.59470002,lightbringer,11.0
alliance,12839181.391018339,lightbringer,12.0
alliance,12092949.46476334,lightbringer,13.0
alliance,12044313.349946685,lightbringer,14.0
alliance,10983338.183797844,lightbringer,15.0
alliance,11405500.19341121,lightbringer,16.0
alliance,11491325.171651179,lightbringer,17.0
alliance,12880606.60334267,lightbringer,18.0
alliance,9936730.272600012,lightbringer,19.0
alliance,12112284.280828284,lightbringer,20.0
alliance,9867165.563115979,lightbringer,21.0
alliance,12676503.202266732,lightbringer,22.0
alliance,14276485.259548606,lightbringer,23.0
alliance,12335799.076183861,lightbringer,24.0
alliance,13944853.441769753,lightbringer,25.0
alliance,14412568.055331195,lightbringer,26.0
alliance,15530033.87562121,lightbringer,27.0
alliance,16958894.130735185,lightbringer,28.0
alliance,19099291.847674727,lightbringer,29.0
alliance,16586251.328469058,lightbringer,30.0
alliance,14512810.980959788,lightbringer,31.0
alliance,12246701.193742184,lightbringer,32.0
alliance,12131337.94100832,lightbringer,33.0
alliance,12121759.664869495,lightbringer,34.0
alliance,13675637.518430742,lightbringer,35.0
alliance,12630322.504720213,lightbringer,36.0
alliance,12656616.74380239,lightbringer,37.0
alliance,13333804.008160507,lightbringer,38.0
alliance,15655325.645876696,lightbringer,39.0
alliance,15666282.159265468,lightbringer,40.0
alliance,15047432.45086241,lightbringer,41.0
horde,19770879.30688335,tichondrius,11.0
horde,22812697.144629914,tichondrius,12.0
horde,23733925.24805498,tichondrius,13.0
horde,21248301.514963426,tichondrius,14.0
horde,21376662.642952867,tichondrius,15.0
horde,23071524.342173427,tichondrius,16.0
horde,25641465.102212515,tichondrius,17.0
horde,26716580.205515873,tichondrius,18.0
horde,27435389.356311094,tichondrius,19.0
horde,29001496.421343084,tichondrius,20.0
horde,27532618.628959984,tichondrius,21.0
horde,52515059.79502984,tichondrius,22.0
horde,29337679.196584,tichondrius,23.0
horde,32238246.794739522,tichondrius,24.0
horde,28713554.35818354,tichondrius,25.0
horde,27513196.171960987,tichondrius,26.0
horde,52275564.81952122,tichondrius,27.0
horde,29501570.241614126,tichondrius,28.0
horde,28523709.76203785,tichondrius,29.0
horde,27892283.516877808,tichondrius,30.0
horde,28528195.07989807,tichondrius,31.0
horde,26127920.986093294,tichondrius,32.0
horde,32625543.486313157,tichondrius,33.0
horde,30323057.241319768,tichondrius,34.0
horde,28500407.784283113,tichondrius,35.0
horde,28615180.85112166,tichondrius,36.0
horde,26211662.688081782,tichondrius,37.0
horde,29718411.487551052,tichondrius,38.0
horde,29552123.038519643,tichondrius,39.0
horde,41021103.8865692,tichondrius,40.0
horde,31407529.738282215,tichondrius,41.0
horde,35092889.8553665,illidan,11.0
horde,32782066.016754538,illidan,12.0
horde,31906582.03857869,illidan,13.0
horde,30522610.41442156,illidan,14.0
horde,31202498.994511966,illidan,15.0
horde,32843725.58949995,illidan,16.0
horde,31935355.044181794,illidan,17.0
horde,30345524.311471555,illidan,18.0
horde,30610137.53491663,illidan,19.0
horde,29835078.861763217,illidan,20.0
horde,29040802.48255447,illidan,21.0
horde,28808245.487524863,illidan,22.0
horde,30717461.65629321,illidan,23.0
horde,32563484.067511637,illidan,24.0
horde,34160664.167617515,illidan,25.0
horde,32085281.663454324,illidan,26.0
horde,32771421.198491372,illidan,27.0
horde,37821498.66781111,illidan,28.0
horde,35645728.39183342,illidan,29.0
horde,36242210.63183494,illidan,30.0
horde,34735190.555042,illidan,31.0
horde,31443542.60623801,illidan,32.0
horde,34020523.193768404,illidan,33.0
horde,34616751.30692969,illidan,34.0
horde,31992922.47763619,illidan,35.0
horde,32268561.725069456,illidan,36.0
horde,32184695.560204245,illidan,37.0
horde,35895894.86177333,illidan,38.0
horde,36559145.83481535,illidan,39.0
horde,35428263.76557588,illidan,40.0
horde,35715032.73872976,illidan,41.0
horde,22213153.442941703,area-52,11.0
horde,21977285.20167211,area-52,12.0
horde,21643171.493147664,area-52,13.0
horde,23169658.18914997,area-52,14.0
horde,19535018.35205739,area-52,15.0
horde,19695131.089401394,area-52,16.0
horde,21219865.701190434,area-52,17.0
horde,21379972.751813564,area-52,18.0
horde,20884572.693816658,area-52,19.0
horde,20579487.78797161,area-52,20.0
horde,21551576.039496597,area-52,21.0
horde,23012560.51139673,area-52,22.0
horde,21867844.849960264,area-52,23.0
horde,21542078.080625895,area-52,24.0
horde,20483034.00669693,area-52,25.0
horde,20652330.439969506,area-52,26.0
horde,22652530.5834545,area-52,27.0
horde,23442829.395218078,area-52,28.0
horde,22280317.566141825,area-52,29.0
horde,21328334.95484988,area-52,30.0
horde,22508764.00045833,area-52,31.0
horde,22336697.887929227,area-52,32.0
horde,22273021.085498005,area-52,33.0
horde,26836487.68125437,area-52,34.0
horde,24390711.768955927,area-52,35.0
horde,21827941.583116405,area-52,36.0
horde,21125563.15853759,area-52,37.0
horde,22041780.55055233,area-52,38.0
horde,22530426.576156624,area-52,39.0
horde,23055455.824908327,area-52,40.0
horde,26880459.292837802,area-52,41.0
horde,604756.0387666668,stormrage,11.0
horde,632256.9087633336,stormrage,12.0
horde,625084.1678814285,stormrage,13.0
horde,563175.478885,stormrage,14.0
horde,560080.3493204758,stormrage,15.0
horde,664262.1993628566,stormrage,16.0
horde,532885.1571209518,stormrage,17.0
horde,657040.5499997616,stormrage,18.0
horde,537858.1517083333,stormrage,19.0
horde,561172.6389466667,stormrage,20.0
horde,776461.0250916658,stormrage,21.0
horde,541854.3191690478,stormrage,22.0
horde,581805.2435559523,stormrage,23.0
horde,502988.171898333,stormrage,24.0
horde,441749.3894216666,stormrage,25.0
horde,626846.8545211902,stormrage,26.0
horde,715344.4558273813,stormrage,27.0
horde,904947.7157059533,stormrage,28.0
horde,756779.9027221428,stormrage,29.0
horde,627276.3538250003,stormrage,30.0
horde,796480.9644980952,stormrage,31.0
horde,741897.6910583335,stormrage,32.0
horde,901519.2884938094,stormrage,33.0
horde,734766.6520650001,stormrage,34.0
horde,703351.8167064289,stormrage,35.0
horde,577696.8632150004,stormrage,36.0
horde,1620364.9078502373,stormrage,37.0
horde,775777.0755283338,stormrage,38.0
horde,718703.5235240483,stormrage,39.0
horde,653720.1443728576,stormrage,40.0
horde,969764.1774011914,stormrage,41.0
horde,5958601.981975009,darkspear,11.0
horde,7601447.543794312,darkspear,12.0
horde,8258336.724579303,darkspear,13.0
horde,8321833.650860007,darkspear,14.0
horde,8813942.054899776,darkspear,15.0
horde,39432358.24348741,darkspear,16.0
horde,7806161.733425265,darkspear,17.0
horde,9824209.709047157,darkspear,18.0
horde,9710846.732674291,darkspear,19.0
horde,7688433.346933329,darkspear,20.0
horde,8439657.157806184,darkspear,21.0
horde,7918435.014145011,darkspear,22.0
horde,9182549.405932643,darkspear,23.0
horde,18884945.62129312,darkspear,24.0
horde,8907412.82896238,darkspear,25.0
horde,9356081.769178834,darkspear,26.0
horde,16794670.701107163,darkspear,27.0
horde,5071182.240900003,darkspear,28.0
horde,8829045.413498346,darkspear,29.0
horde,9357193.822208812,darkspear,30.0
horde,9021601.216667874,darkspear,31.0
horde,10666243.195463607,darkspear,32.0
horde,11637851.294435034,darkspear,33.0
horde,9521998.75400905,darkspear,34.0
horde,8413853.361050023,darkspear,35.0
horde,9545404.683300233,darkspear,36.0
horde,9144954.781669063,darkspear,37.0
horde,8993467.319977187,darkspear,38.0
horde,8874000.366421938,darkspear,39.0
horde,8414693.966520023,darkspear,40.0
horde,9222369.934046686,darkspear,41.0
horde,13448033.902600022,frostmourne,11.0
horde,14686280.30869857,frostmourne,12.0
horde,14072432.926555952,frostmourne,13.0
horde,12243454.498633306,frostmourne,14.0
horde,15976439.632728113,frostmourne,15.0
horde,10734862.282083781,frostmourne,16.0
horde,13689635.124087097,frostmourne,17.0
horde,10778272.791834975,frostmourne,18.0
horde,13540140.61419502,frostmourne,19.0
horde,9736608.012680022,frostmourne,20.0
horde,10136981.303770028,frostmourne,21.0
horde,9795324.75993338,frostmourne,22.0
horde,13025022.124050222,frostmourne,23.0
horde,10968258.68840002,frostmourne,24.0
horde,10408070.157942152,frostmourne,25.0
horde,12655020.82252713,frostmourne,26.0
horde,13280223.959980926,frostmourne,27.0
horde,10582599.969500005,frostmourne,28.0
horde,14037230.804559976,frostmourne,29.0
horde,17212385.946789984,frostmourne,30.0
horde,14886637.557888351,frostmourne,31.0
horde,13354368.028586168,frostmourne,32.0
horde,16091222.342876704,frostmourne,33.0
horde,13494075.609533362,frostmourne,34.0
horde,15203548.156890225,frostmourne,35.0
horde,17869139.31935573,frostmourne,36.0
horde,22752661.655978322,frostmourne,37.0
horde,26305139.01179708,frostmourne,38.0
horde,18169689.598981883,frostmourne,39.0
horde,16551839.736438598,frostmourne,40.0
horde,17562491.96324715,frostmourne,41.0
horde,1114832.7823333337,sargeras,11.0
horde,1095210.6063833318,sargeras,12.0
horde,1055051.790097143,sargeras,13.0
horde,1154585.4341766667,sargeras,14.0
horde,1440055.791137863,sargeras,15.0
horde,869220.5632897638,sargeras,16.0
horde,1067910.5213257151,sargeras,17.0
horde,963889.6701833344,sargeras,18.0
horde,1024024.9531485727,sargeras,19.0
horde,957948.0395466693,sargeras,20.0
horde,943290.0643228571,sargeras,21.0
horde,951930.062710001,sargeras,22.0
horde,980315.7489361903,sargeras,23.0
horde,830098.7175133331,sargeras,24.0
horde,1025283.1233571429,sargeras,25.0
horde,838077.542916429,sargeras,26.0
horde,2057056.5270102376,sargeras,27.0
horde,865200.7772421434,sargeras,28.0
horde,942080.6756338093,sargeras,29.0
horde,827594.4698150002,sargeras,30.0
horde,715425.4640469048,sargeras,31.0
horde,852988.9743842863,sargeras,32.0
horde,724846.8342904773,sargeras,33.0
horde,638713.2636342865,sargeras,34.0
horde,693025.1128226201,sargeras,35.0
horde,740302.7510628582,sargeras,36.0
horde,554746.8711371432,sargeras,37.0
horde,635362.8754285721,sargeras,38.0
horde,748212.8696402384,sargeras,39.0
horde,600607.3993545236,sargeras,40.0
horde,621419.3439195241,sargeras,41.0
horde,21543319.542891674,zuljin,11.0
horde,21060554.685883597,zuljin,12.0
horde,20247525.472043496,zuljin,13.0
horde,20219577.421445023,zuljin,14.0
horde,19133764.46710213,zuljin,15.0
horde,19178845.28659977,zuljin,16.0
horde,19123414.70537645,zuljin,17.0
horde,19704456.984232124,zuljin,18.0
horde,17916318.496905986,zuljin,19.0
horde,16227335.088488331,zuljin,20.0
horde,18769508.729148358,zuljin,21.0
horde,18887239.610463783,zuljin,22.0
horde,20321251.736218814,zuljin,23.0
horde,21695157.069599185,zuljin,24.0
horde,21809783.506500144,zuljin,25.0
horde,20351704.82454237,zuljin,26.0
horde,20099721.62790645,zuljin,27.0
horde,20020957.822949365,zuljin,28.0
horde,19190568.09229626,zuljin,29.0
horde,22674351.76691825,zuljin,30.0
horde,20163690.42427272,zuljin,31.0
horde,19258712.325066708,zuljin,32.0
horde,18522238.80430615,zuljin,33.0
horde,19583659.78243164,zuljin,34.0
horde,20110523.872226473,zuljin,35.0
horde,16800559.485542882,zuljin,36.0
horde,18824457.51944979,zuljin,37.0
horde,21512915.807689022,zuljin,38.0
horde,22128479.215070937,zuljin,39.0
horde,20409636.36141759,zuljin,40.0
horde,20834990.894051146,zuljin,41.0
horde,52253561.06520824,bleeding-hollow,11.0
horde,53292549.739367545,bleeding-hollow,12.0
horde,40382821.54148353,bleeding-hollow,13.0
horde,53866635.28893315,bleeding-hollow,14.0
horde,58315179.21748621,bleeding-hollow,15.0
horde,60557660.12836069,bleeding-hollow,16.0
horde,72321505.80671416,bleeding-hollow,17.0
horde,76222228.49274276,bleeding-hollow,18.0
horde,72858740.20123316,bleeding-hollow,19.0
horde,84087734.72043836,bleeding-hollow,20.0
horde,50312653.318069056,bleeding-hollow,21.0
horde,56516234.889499955,bleeding-hollow,22.0
horde,60112790.71136393,bleeding-hollow,23.0
horde,86928626.57820892,bleeding-hollow,24.0
horde,88559900.56731987,bleeding-hollow,25.0
horde,101253783.52555582,bleeding-hollow,26.0
horde,90252538.83128552,bleeding-hollow,27.0
horde,133397857.9969533,bleeding-hollow,28.0
horde,107073984.46525666,bleeding-hollow,29.0
horde,96958696.99399337,bleeding-hollow,30.0
horde,104214940.03017783,bleeding-hollow,31.0
horde,146678903.22649696,bleeding-hollow,32.0
horde,19667314.31562931,bleeding-hollow,33.0
horde,75271958.62994011,bleeding-hollow,34.0
horde,96366976.48988415,bleeding-hollow,35.0
horde,89786891.06916587,bleeding-hollow,36.0
horde,54759680.50024827,bleeding-hollow,37.0
horde,127490943.0959253,bleeding-hollow,38.0
horde,21206827.358810022,bleeding-hollow,39.0
horde,62299903.96466177,bleeding-hollow,40.0
horde,36830733.015478276,bleeding-hollow,41.0
horde,35058155.87518333,kiljaeden,11.0
horde,37871680.04961313,kiljaeden,12.0
horde,27349027.08098352,kiljaeden,13.0
horde,34540332.62788822,kiljaeden,14.0
horde,27936445.090066392,kiljaeden,15.0
horde,34017124.150139265,kiljaeden,16.0
horde,30191249.30170636,kiljaeden,17.0
horde,28289336.37459848,kiljaeden,18.0
horde,29692325.760249928,kiljaeden,19.0
horde,33194687.857226513,kiljaeden,20.0
horde,33160335.126791555,kiljaeden,21.0
horde,33414608.127641536,kiljaeden,22.0
horde,28450662.76504103,kiljaeden,23.0
horde,30475714.511935465,kiljaeden,24.0
horde,29046876.90005866,kiljaeden,25.0
horde,31579971.320791263,kiljaeden,26.0
horde,29840376.565311838,kiljaeden,27.0
horde,32658595.67332106,kiljaeden,28.0
horde,28771844.561416984,kiljaeden,29.0
horde,29514119.49275713,kiljaeden,30.0
horde,36556051.56286078,kiljaeden,31.0
horde,28390641.370666847,kiljaeden,32.0
horde,29328810.24331152,kiljaeden,33.0
horde,23142520.13504823,kiljaeden,34.0
horde,30521239.654309638,kiljaeden,35.0
horde,27126458.87287518,kiljaeden,36.0
horde,21016164.24919518,kiljaeden,37.0
horde,28033419.42958651,kiljaeden,38.0
horde,37536492.19130469,kiljaeden,39.0
horde,30512225.2479066,kiljaeden,40.0
horde,36123128.3677242,kiljaeden,41.0
horde,5211681.246933328,proudmoore,11.0
horde,6311792.282443822,proudmoore,12.0
horde,5396684.970111887,proudmoore,13.0
horde,5182444.523368338,proudmoore,14.0
horde,4860505.61603524,proudmoore,15.0
horde,5194424.351205258,proudmoore,16.0
horde,3876974.919382146,proudmoore,17.0
horde,4741854.340039289,proudmoore,18.0
horde,3120015.2383499998,proudmoore,19.0
horde,4220709.900415004,proudmoore,20.0
horde,3946572.44446119,proudmoore,21.0
horde,3573111.3411500016,proudmoore,22.0
horde,4620929.451545002,proudmoore,23.0
horde,3508727.0043733446,proudmoore,24.0
horde,3835850.200674524,proudmoore,25.0
horde,3715554.2032452356,proudmoore,26.0
horde,3979749.665994052,proudmoore,27.0
horde,4903111.687802861,proudmoore,28.0
horde,5143058.495266681,proudmoore,29.0
horde,5574923.232521902,proudmoore,30.0
horde,4966233.132434765,proudmoore,31.0
horde,4922014.077523333,proudmoore,32.0
horde,5333905.900313575,proudmoore,33.0
horde,5583427.891681677,proudmoore,34.0
horde,6508312.1222685715,proudmoore,35.0
horde,6541540.317217616,proudmoore,36.0
horde,6387639.729334278,proudmoore,37.0
horde,6731804.22201167,proudmoore,38.0
horde,5989245.657539282,proudmoore,39.0
horde,5304752.010510718,proudmoore,40.0
horde,4987736.509976659,proudmoore,41.0
horde,614014.1136166663,kelthuzad,11.0
horde,1584483.8489742852,kelthuzad,12.0
horde,503811.88590309524,kelthuzad,13.0
horde,480721.2358833333,kelthuzad,14.0
horde,892031.46816143,kelthuzad,15.0
horde,868074.6024800005,kelthuzad,16.0
horde,922626.450624523,kelthuzad,17.0
horde,627419.1301226189,kelthuzad,18.0
horde,606164.9956666665,kelthuzad,19.0
horde,830305.9836349987,kelthuzad,20.0
horde,1726459.333321431,kelthuzad,21.0
horde,656044.9269316664,kelthuzad,22.0
horde,667412.7081976192,kelthuzad,23.0
horde,554337.8810228567,kelthuzad,24.0
horde,646101.1876569046,kelthuzad,25.0
horde,589633.591231666,kelthuzad,26.0
horde,631694.9239302377,kelthuzad,27.0
horde,603456.6312966663,kelthuzad,28.0
horde,797079.5787797621,kelthuzad,29.0
horde,724227.4697954749,kelthuzad,30.0
horde,752205.7777228577,kelthuzad,31.0
horde,1019539.2674204764,kelthuzad,32.0
horde,1843732.7662471442,kelthuzad,33.0
horde,943236.4221266666,kelthuzad,34.0
horde,904499.1551178568,kelthuzad,35.0
horde,937321.0141783351,kelthuzad,36.0
horde,869138.5113747616,kelthuzad,37.0
horde,997773.3858797621,kelthuzad,38.0
horde,656292.2600402388,kelthuzad,39.0
horde,768933.2872999995,kelthuzad,40.0
horde,672386.9335947619,kelthuzad,41.0
horde,15888930.400466645,moon-guard,11.0
horde,16194394.946576875,moon-guard,12.0
horde,18472855.563837547,moon-guard,13.0
horde,23219766.62471497,moon-guard,14.0
horde,20156662.01455066,moon-guard,15.0
horde,16832737.945640296,moon-guard,16.0
horde,16110251.39335434,moon-guard,17.0
horde,16768860.532880707,moon-guard,18.0
horde,14934258.208433306,moon-guard,19.0
horde,13233996.542153334,moon-guard,20.0
horde,15594414.700335747,moon-guard,21.0
horde,15080923.136091704,moon-guard,22.0
horde,15438485.125156164,moon-guard,23.0
horde,11245923.834337369,moon-guard,24.0
horde,10765233.101931263,moon-guard,25.0
horde,11386939.458847862,moon-guard,26.0
horde,10941173.862769242,moon-guard,27.0
horde,14071277.012076402,moon-guard,28.0
horde,10943895.837001713,moon-guard,29.0
horde,11904545.260937205,moon-guard,30.0
horde,11888893.104861923,moon-guard,31.0
horde,11340335.164091662,moon-guard,32.0
horde,12351282.068422887,moon-guard,33.0
horde,12144356.195713393,moon-guard,34.0
horde,15264973.582401894,moon-guard,35.0
horde,14923024.458051488,moon-guard,36.0
horde,15991628.314441454,moon-guard,37.0
horde,13080423.545381958,moon-guard,38.0
horde,12171603.451524312,moon-guard,39.0
horde,12444394.8281238,moon-guard,40.0
horde,14716605.325037854,moon-guard,41.0
horde,14108360.251741685,thrall,11.0
horde,14724440.25039166,thrall,12.0
horde,14619545.285619095,thrall,13.0
horde,23602119.002959847,thrall,14.0
horde,23726817.18906747,thrall,15.0
horde,18989611.947144747,thrall,16.0
horde,26733054.981126327,thrall,17.0
horde,17604987.92858074,thrall,18.0
horde,15321160.243408144,thrall,19.0
horde,13437248.277876714,thrall,20.0
horde,15484475.937676683,thrall,21.0
horde,14100825.785823597,thrall,22.0
horde,15564109.500327153,thrall,23.0
horde,15262915.509816948,thrall,24.0
horde,15199175.434508316,thrall,25.0
horde,16520448.635185963,thrall,26.0
horde,16027427.917346438,thrall,27.0
horde,15993836.483985439,thrall,28.0
horde,16751127.72071644,thrall,29.0
horde,16110233.786106676,thrall,30.0
horde,16149935.02001045,thrall,31.0
horde,16283098.671926675,thrall,32.0
horde,17653018.424091857,thrall,33.0
horde,16210131.283991676,thrall,34.0
horde,17961965.292617116,thrall,35.0
horde,18510086.310763773,thrall,36.0
horde,15913300.175778776,thrall,37.0
horde,13927562.20306498,thrall,38.0
horde,15637931.187422886,thrall,39.0
horde,15111218.838368611,thrall,40.0
horde,17664242.926058315,thrall,41.0
horde,16316948.718083387,wyrmrest-accord,11.0
horde,17181135.356840003,wyrmrest-accord,12.0
horde,20288032.67853685,wyrmrest-accord,13.0
horde,17512463.792414915,wyrmrest-accord,14.0
horde,17274676.001747843,wyrmrest-accord,15.0
horde,14764501.134777445,wyrmrest-accord,16.0
horde,18455025.4513243,wyrmrest-accord,17.0
horde,18453293.03395928,wyrmrest-accord,18.0
horde,17312114.231285006,wyrmrest-accord,19.0
horde,17736890.800251607,wyrmrest-accord,20.0
horde,21802836.16489238,wyrmrest-accord,21.0
horde,24660319.142163392,wyrmrest-accord,22.0
horde,16949390.285679374,wyrmrest-accord,23.0
horde,13226805.148233404,wyrmrest-accord,24.0
horde,12471921.719203841,wyrmrest-accord,25.0
horde,12603219.087383581,wyrmrest-accord,26.0
horde,14663606.840895968,wyrmrest-accord,27.0
horde,14576561.567481486,wyrmrest-accord,28.0
horde,13896540.652310727,wyrmrest-accord,29.0
horde,13721999.231563656,wyrmrest-accord,30.0
horde,16386504.958310915,wyrmrest-accord,31.0
horde,13319859.657819998,wyrmrest-accord,32.0
horde,14594610.036431879,wyrmrest-accord,33.0
horde,14209058.895154312,wyrmrest-accord,34.0
horde,14322279.178036226,wyrmrest-accord,35.0
horde,14602588.376762586,wyrmrest-accord,36.0
horde,17014132.52698739,wyrmrest-accord,37.0
horde,17992229.840279862,wyrmrest-accord,38.0
horde,14933650.548221216,wyrmrest-accord,39.0
horde,15089023.93269813,wyrmrest-accord,40.0
horde,14115184.09318217,wyrmrest-accord,41.0
horde,1721734.0568166673,lightbringer,11.0
horde,2304914.7118726186,lightbringer,12.0
horde,2408882.576338814,lightbringer,13.0
horde,2302293.3249733336,lightbringer,14.0
horde,2640615.600065005,lightbringer,15.0
horde,2186053.7829485727,lightbringer,16.0
horde,1882834.7225083353,lightbringer,17.0
horde,2056552.0693435713,lightbringer,18.0
horde,1666015.4467999989,lightbringer,19.0
horde,1989197.541499998,lightbringer,20.0
horde,2071789.6048119075,lightbringer,21.0
horde,1666185.561058333,lightbringer,22.0
horde,1860887.307694048,lightbringer,23.0
horde,1794952.717001667,lightbringer,24.0
horde,1837659.9495280934,lightbringer,25.0
horde,1608191.6385152398,lightbringer,26.0
horde,1546065.194304523,lightbringer,27.0
horde,1747082.0240519075,lightbringer,28.0
horde,2849473.876694524,lightbringer,29.0
horde,2002897.445960718,lightbringer,30.0
horde,2230439.7062902395,lightbringer,31.0
horde,2134769.1323928586,lightbringer,32.0
horde,3060115.7812752347,lightbringer,33.0
horde,2229135.688353096,lightbringer,34.0
horde,4137826.9331185813,lightbringer,35.0
horde,2256734.1790538128,lightbringer,36.0
horde,2406532.219683341,lightbringer,37.0
horde,2222283.570708816,lightbringer,38.0
horde,3288895.9208395355,lightbringer,39.0
horde,2831765.9982985673,lightbringer,40.0
horde,3330492.0905219116,lightbringer,41.0
