Item ID,PriceMean,PriceStd,VPrice,Corr,Fraction,Realm,pvp,alliance,horde,Item Name,classid,classname,subclassid,subclassname,qualityid,qualityname
10233.0,724.2469446296295,556.7602108331909,1.3032,0.7823203017130351,alliance,tichondrius,pvp,88907,236052,Engraved Girdle,4,Armor,3,Mail,2,Uncommon
14677.0,6259.21388,18657.741149842605,2.5934,0.7881156519872137,alliance,tichondrius,pvp,88907,236052,Pridelord Pants,4,Armor,2,Leather,2,Uncommon
14961.0,912.323325,419.8931709412992,1.6172,0.7531335920511979,alliance,tichondrius,pvp,88907,236052,High Chief's Crown,4,Armor,4,Plate,2,Uncommon
15694.0,702.8111111111112,143.24843646708467,1.5377,0.7371964238730395,alliance,tichondrius,pvp,88907,236052,Merciless Greaves,4,Armor,3,Mail,2,Uncommon
21863.0,452.92861748511905,369.0474470837745,3.6035,0.7482425359112134,alliance,tichondrius,pvp,88907,236052,Soulcloth Gloves,4,Armor,1,Cloth,4,Epic
24795.0,111.19118653333331,79.42693806649962,5.0462,0.7957833766125267,alliance,tichondrius,pvp,88907,236052,Expedition Pants,4,Armor,2,Leather,2,Uncommon
24831.0,143.38952039215687,145.38059352262462,2.9381000000000004,0.8230061088294708,alliance,tichondrius,pvp,88907,236052,Nexus-Strider Greaves,4,Armor,3,Mail,2,Uncommon
25078.0,71.24333333333333,60.08015238921345,4.0295,0.7223261445978588,alliance,tichondrius,pvp,88907,236052,Zangari Shield,4,Armor,6,Shield,2,Uncommon
36384.0,66.8424778888889,47.6247117798195,7.407,0.7201143821449212,alliance,tichondrius,pvp,88907,236052,Golem Legplates,4,Armor,4,Plate,2,Uncommon
62049.0,2714.745988965518,1239.4045444321216,10.7343,0.7773367449867741,alliance,tichondrius,pvp,88907,236052,Darkmoon Card: Hurricane,4,Armor,0,Miscellaneous,4,Epic
3845.0,576.0520339999999,136.26695974690918,0.7652,0.7874754997446698,horde,tichondrius,pvp,88907,236052,Golden Scale Cuirass,4,Armor,3,Mail,2,Uncommon
4055.0,1207.8077318894007,427.3604535451379,0.3467,0.7119036549779799,horde,tichondrius,pvp,88907,236052,Insignia Boots,4,Armor,2,Leather,2,Uncommon
14328.0,592.3581206666669,273.7682976716584,3.1735,-0.801005890463793,horde,tichondrius,pvp,88907,236052,Eternal Chestguard,4,Armor,1,Cloth,2,Uncommon
31280.0,300.51001818181817,455.93003548436866,2.7666,0.7996254064896916,horde,tichondrius,pvp,88907,236052,Thundercaller's Gauntlets,4,Armor,3,Mail,3,Rare
31940.0,304.26856031746036,693.8375366232204,2.2464000000000004,0.8025380789371337,horde,tichondrius,pvp,88907,236052,Ethereum Torque,4,Armor,0,Miscellaneous,3,Rare
36352.0,50.20657250000001,46.31094997216178,6.9726,0.7590387104541189,horde,tichondrius,pvp,88907,236052,Jormungar Legplates,4,Armor,4,Plate,2,Uncommon
36453.0,41.688064705882354,31.987234428866902,6.2415,0.8394156193476919,horde,tichondrius,pvp,88907,236052,Embossed Brazen Shield,4,Armor,6,Shield,2,Uncommon
38592.0,576.9393683809523,272.1128406993475,4.7237,0.7688420415712645,horde,tichondrius,pvp,88907,236052,Dark Arctic Chestpiece,4,Armor,2,Leather,3,Rare
44742.0,260.2540135416667,474.35630693560734,7.2478,0.8049635184161534,horde,tichondrius,pvp,88907,236052,Mechanized Snow Goggles,4,Armor,4,Plate,3,Rare
47257.0,2425.0157656250003,2398.7221830498997,12.5664,0.9322632118306364,horde,tichondrius,pvp,88907,236052,Cloak of the Untamed Predator,4,Armor,1,Cloth,4,Epic
94051.0,107.8964574074074,74.33899826154975,8.949399999999997,0.8159701077567868,horde,tichondrius,pvp,88907,236052,Discarded Swampstalker Wrists,4,Armor,2,Leather,2,Uncommon
6266.0,104.10961911764706,306.0087602924863,0.036000000000000004,0.8377431696409257,alliance,area-52,pve,14656,247913,Disciple's Vest,4,Armor,1,Cloth,2,Uncommon
6428.0,242.62949333333333,195.19816855684022,0.4919,0.7959721808108021,alliance,area-52,pve,14656,247913,Mistscape Gloves,4,Armor,1,Cloth,2,Uncommon
15506.0,555.7695442028986,358.73857749849236,0.0838,0.999989576843542,alliance,area-52,pve,14656,247913,Grunt's Ankle Wraps,4,Armor,3,Mail,2,Uncommon
90905.0,163.47977777777777,119.40938321899475,9.9826,0.710065978025806,alliance,area-52,pve,14656,247913,Shadowfire Necklace,4,Armor,0,Miscellaneous,3,Rare
845.0,105.56206333333333,156.7756371243232,0.0405,0.7835678770863341,horde,area-52,pve,14656,247913,Tanned Leather Pants,4,Armor,2,Leather,1,Common
3471.0,10.66809608695652,11.764118356041962,0.0166,0.7172308978805619,horde,area-52,pve,14656,247913,Copper Chain Vest,4,Armor,3,Mail,2,Uncommon
6387.0,227.58634698156678,313.76613120175807,0.1441,0.7441912991855852,horde,area-52,pve,14656,247913,Glimmering Mail Bracers,4,Armor,3,Mail,2,Uncommon
11993.0,40.05317555555555,38.83540350493638,0.0874,-0.8238026481211207,horde,area-52,pve,14656,247913,Clay Ring,4,Armor,0,Miscellaneous,2,Uncommon
14379.0,222.59789377192976,201.07774537050707,0.2826,0.7890848269990519,horde,area-52,pve,14656,247913,Sanguine Trousers,4,Armor,1,Cloth,2,Uncommon
14688.0,420.68588619047614,321.73731473732363,2.2592,0.7344999035197581,horde,area-52,pve,14656,247913,Indomitable Epaulets,4,Armor,2,Leather,2,Uncommon
31177.0,97.17078096491227,43.92561368875212,2.5057,0.7013005633633831,horde,area-52,pve,14656,247913,Rockwurm Scale Gauntlets,4,Armor,3,Mail,3,Rare
44685.0,220.03396100985225,459.9602352953189,7.0272,0.7191154308073089,horde,area-52,pve,14656,247913,Calcified Web Spaulders,4,Armor,3,Mail,3,Rare
58247.0,1296.2527489583333,3093.395575312718,0.0002,0.7189159810039399,horde,area-52,pve,14656,247913,Trapper's Vest,4,Armor,1,Cloth,1,Common
62049.0,1895.0699960526315,1022.3545909921534,10.7343,0.8435116844876348,horde,area-52,pve,14656,247913,Darkmoon Card: Hurricane,4,Armor,0,Miscellaneous,4,Epic
75074.0,386.6257433333334,176.8784369368238,12.4456,0.7313111837790509,horde,area-52,pve,14656,247913,Vicious Sapphire Necklace,4,Armor,0,Miscellaneous,3,Rare
78879.0,978.7027745652174,415.88723427054447,13.6949,0.7229382481596632,horde,area-52,pve,14656,247913,Sash of Relentless Truth,4,Armor,1,Cloth,4,Epic
93584.0,884.4620832101807,200.4667491294623,23.9551,0.7215263389934488,horde,area-52,pve,14656,247913,Crafted Dreadful Gladiator's Linked Armor,4,Armor,3,Mail,3,Rare
6337.0,6.528205984848486,5.324982423625227,0.0286,0.7091539975899572,alliance,thrall,pve,25549,149573,Infantry Leggings,4,Armor,3,Mail,2,Uncommon
31155.0,233.9777852941176,145.61039580507716,5.8153000000000015,-0.7043870776712393,alliance,thrall,pve,25549,149573,Drakescale Breastplate,4,Armor,4,Plate,3,Rare
69797.0,336.8559,83.85962736070279,12.3817,0.7825359109963471,alliance,thrall,pve,25549,149573,Charmbinder Grips,4,Armor,1,Cloth,4,Epic
82067.0,88.58970011904762,72.98029894417817,15.0883,0.7948023388450849,alliance,thrall,pve,25549,149573,Brick Breastplate,4,Armor,4,Plate,2,Uncommon
85851.0,63.110352083333325,19.53920820340845,6.1562,0.7056397534250286,alliance,thrall,pve,25549,149573,Misthide Drape,4,Armor,1,Cloth,2,Uncommon
6137.0,341.72294555555555,230.09053764700826,0.0002,0.7280959846102152,horde,thrall,pve,25549,149573,Thug Pants,4,Armor,1,Cloth,1,Common
7339.0,813.2255825757577,1178.1707923968934,6.25,0.7469758388762809,horde,thrall,pve,25549,149573,Miniscule Diamond Ring,4,Armor,0,Miscellaneous,1,Common
12010.0,36.64723333333334,59.106060280375615,0.2469,0.7731567222246597,horde,thrall,pve,25549,149573,Fen Ring,4,Armor,0,Miscellaneous,2,Uncommon
14107.0,559.3280166666666,88.23625544016768,2.2997,0.8243331284791533,horde,thrall,pve,25549,149573,Felcloth Pants,4,Armor,1,Cloth,2,Uncommon
15160.0,88.75934416666668,44.617550001937424,0.3421,0.7299922327540335,horde,thrall,pve,25549,149573,Nocturnal Wristbands,4,Armor,2,Leather,2,Uncommon
15659.0,245.94512607843134,257.0659706204577,1.1156,0.7153410960111576,horde,thrall,pve,25549,149573,Impenetrable Bindings,4,Armor,3,Mail,2,Uncommon
21868.0,1397.841818181818,348.7032239002696,6.21,0.7058172259586921,horde,thrall,pve,25549,149573,Arcanoweave Robe,4,Armor,1,Cloth,3,Rare
25655.0,34.601935555555556,27.2769954120843,3.0265,0.8854482977958642,horde,thrall,pve,25549,149573,Felscale Boots,4,Armor,3,Mail,2,Uncommon
31326.0,467.8109915151515,536.8778827109116,6.0256,0.7473476835141616,horde,thrall,pve,25549,149573,Truestrike Ring,4,Armor,0,Miscellaneous,4,Epic
36108.0,32.02152942307693,15.876873367976577,5.01,0.7557539476723465,horde,thrall,pve,25549,149573,Vileprey Boots,4,Armor,2,Leather,2,Uncommon
36231.0,37.24499608974359,22.293030158672234,4.948499999999999,0.8345257488826151,horde,thrall,pve,25549,149573,Trapper Helm,4,Armor,3,Mail,2,Uncommon
47257.0,1962.2178120175438,743.0703239579605,12.5664,0.7111001681280543,horde,thrall,pve,25549,149573,Cloak of the Untamed Predator,4,Armor,1,Cloth,4,Epic
1980.0,4945.104115053765,515.787540903576,0.62,0.7265465336897536,alliance,kiljaeden,pvp,47337,177370,Underworld Band,4,Armor,0,Miscellaneous,4,Epic
2278.0,955.3736445698926,173.44340088779109,0.3251,0.7319104103932189,alliance,kiljaeden,pvp,47337,177370,Forest Tracker Epaulets,4,Armor,2,Leather,3,Rare
2911.0,1269.1086379339476,613.3102584563926,0.0923,0.7960080501887462,alliance,kiljaeden,pvp,47337,177370,Keller's Girdle,4,Armor,1,Cloth,3,Rare
7787.0,766.6,13.60980250179741,0.396,0.7414338459457778,alliance,kiljaeden,pvp,47337,177370,Resplendent Guardian,4,Armor,6,Shield,3,Rare
9420.0,46225.0,9959.908859159235,0.7187,0.8201302987207255,alliance,kiljaeden,pvp,47337,177370,Adventurer's Pith Helmet,4,Armor,2,Leather,3,Rare
12977.0,7895.7939614942525,3257.991508434665,0.0625,0.7643900748652068,alliance,kiljaeden,pvp,47337,177370,Magefist Gloves,4,Armor,1,Cloth,3,Rare
13127.0,1019.7986949462365,332.1718894406409,0.3518,0.7296173802742741,alliance,kiljaeden,pvp,47337,177370,Frostreaver Crown,4,Armor,3,Mail,3,Rare
55624.0,772.2191955000001,426.76957089525416,5.7845,0.716082355644252,alliance,kiljaeden,pvp,47337,177370,Southfury Belt,4,Armor,3,Mail,2,Uncommon
75128.0,1125.822235,237.110793446662,9.2089,-0.7547462956219679,horde,kiljaeden,pvp,47337,177370,Vicious Ornate Pyrium Breastplate,4,Armor,4,Plate,3,Rare
1840.0,15.190425980392156,27.110471231748523,0.0052,0.7372542463622478,alliance,moon-guard,pve,118931,77216,Rough Leather Bracers,4,Armor,2,Leather,1,Common
15621.0,207.89651777777777,193.16664764243671,1.5765999999999998,0.7086578627420825,alliance,moon-guard,pve,118931,77216,Gryphon Mail Buckler,4,Armor,6,Shield,2,Uncommon
15673.0,916.6583052941177,358.0249290413667,1.2994,0.7362068889452298,alliance,moon-guard,pve,118931,77216,Magnificent Belt,4,Armor,3,Mail,2,Uncommon
49569.0,89.01901823529411,80.00828409257007,0.0001,0.8482909632750126,alliance,moon-guard,pve,118931,77216,Gilnean Trapper's Boots,4,Armor,2,Leather,1,Common
49570.0,104.34072666666668,85.53176161758647,0.0002,0.7395158810395589,alliance,moon-guard,pve,118931,77216,Gilnean Trapper's Tunic,4,Armor,2,Leather,1,Common
49571.0,55.71066444444444,75.8460606523466,0.0001,0.8436007171174076,alliance,moon-guard,pve,118931,77216,Gilnean Trapper's Gloves,4,Armor,2,Leather,1,Common
67112.0,451.24609019607846,320.0188667867808,11.2515,0.8068270265705985,alliance,moon-guard,pve,118931,77216,Brittany's Ceremonial Spaulders,4,Armor,2,Leather,3,Rare
102348.0,1863.8236833333335,1426.0792519739744,13.4361,0.8377536128358954,alliance,moon-guard,pve,118931,77216,Timeworn Shadowtooth Faceguard,4,Armor,2,Leather,2,Uncommon
236.0,2.2814875,2.0471598380439184,0.0782,0.9046301952148924,horde,moon-guard,pve,118931,77216,Cured Leather Armor,4,Armor,2,Leather,1,Common
237.0,2.3283625,2.0488706407433344,0.07850000000000001,0.8864262745415993,horde,moon-guard,pve,118931,77216,Cured Leather Pants,4,Armor,2,Leather,1,Common
2151.0,6.1876041666666675,0.5673322786091393,0.06899999999999999,-0.7450244150843405,horde,moon-guard,pve,118931,77216,Polished Scale Gloves,4,Armor,3,Mail,1,Common
7544.0,37.489127121212114,35.96248805688536,0.7505,0.7470715552381245,horde,moon-guard,pve,118931,77216,Champion's Cape,4,Armor,1,Cloth,2,Uncommon
8187.0,358.125,157.81583829194545,0.408,-0.7424526765817747,horde,moon-guard,pve,118931,77216,Turtle Scale Gloves,4,Armor,3,Mail,2,Uncommon
8310.0,343.71092145238094,231.08433721768728,2.2513,-0.7153429465092647,horde,moon-guard,pve,118931,77216,Hero's Pauldrons,4,Armor,3,Mail,2,Uncommon
10023.0,152.1756911111111,134.76235598844679,0.5868,-0.7051468236878029,horde,moon-guard,pve,118931,77216,Shadoweave Gloves,4,Armor,1,Cloth,2,Uncommon
10036.0,95.4126216904762,71.16796450161891,0.3046,0.7479276186427507,horde,moon-guard,pve,118931,77216,Tuxedo Jacket,4,Armor,1,Cloth,1,Common
10269.0,459.9617952688173,411.0428852642479,1.5432,0.7361685707749432,horde,moon-guard,pve,118931,77216,Masterwork Girdle,4,Armor,3,Mail,2,Uncommon
12029.0,15.79040625,13.59123835658933,0.5395,0.8461146846758246,horde,moon-guard,pve,118931,77216,Greenstone Talisman,4,Armor,0,Miscellaneous,2,Uncommon
14212.0,1634.7381863440862,1922.0388025360428,0.3833,0.7394735825229937,horde,moon-guard,pve,118931,77216,Vital Shoulders,4,Armor,1,Cloth,2,Uncommon
14397.0,5042.571442592593,3094.214180785372,0.2795,0.7977366221346062,horde,moon-guard,pve,118931,77216,Resilient Mantle,4,Armor,1,Cloth,2,Uncommon
15071.0,206.0,82.56138536229378,1.5989999999999998,0.7281595725240135,horde,moon-guard,pve,118931,77216,Frostsaber Boots,4,Armor,2,Leather,2,Uncommon
15299.0,9.267002314814816,22.947504999078735,0.0074,0.7539621365839111,horde,moon-guard,pve,118931,77216,Grizzly Cape,4,Armor,1,Cloth,1,Common
18712.0,445.10208850877194,168.4431949401979,1.0245,0.7452162080954549,horde,moon-guard,pve,118931,77216,Arena Vambraces,4,Armor,4,Plate,3,Rare
36069.0,37.46270119047619,36.89513670460439,5.8865,0.8255853799416994,horde,moon-guard,pve,118931,77216,Daggercap Jerkin,4,Armor,2,Leather,2,Uncommon
36402.0,49.15378,27.83478995427125,3.856,0.7646429161795493,horde,moon-guard,pve,118931,77216,Necropolis Vambraces,4,Armor,4,Plate,2,Uncommon
36463.0,30.401187037037037,50.22884558541194,3.3162000000000003,0.7062068817735061,horde,moon-guard,pve,118931,77216,Polished Orb,4,Armor,0,Miscellaneous,2,Uncommon
43245.0,36.612010344827574,21.983415120249965,3.1478,0.7197909965330928,horde,moon-guard,pve,118931,77216,Crystal Chalcedony Amulet,4,Armor,0,Miscellaneous,2,Uncommon
55035.0,138.08490294117647,87.25048691302972,3.2231,0.7206626877656342,horde,moon-guard,pve,118931,77216,Stormforged Belt,4,Armor,4,Plate,2,Uncommon
55536.0,105.37650078431375,66.23311897776786,12.4852,0.7446730792504891,horde,moon-guard,pve,118931,77216,Direforge Legplates,4,Armor,4,Plate,2,Uncommon
55580.0,171.644843172043,71.89506529430632,8.6302,0.7313638041249254,horde,moon-guard,pve,118931,77216,Sundown Greaves,4,Armor,3,Mail,2,Uncommon
55616.0,136.46365103448272,48.42740955965605,8.4969,0.8145551984895736,horde,moon-guard,pve,118931,77216,Sundown Spaulders,4,Armor,3,Mail,2,Uncommon
55617.0,122.25424782608695,72.3178420667137,8.7029,0.7577615782254191,horde,moon-guard,pve,118931,77216,Bramblescar Spaulders,4,Armor,3,Mail,2,Uncommon
55734.0,132.87488522727273,37.44057668612198,5.9363,0.7564716376066322,horde,moon-guard,pve,118931,77216,Darrowmere Handwraps,4,Armor,1,Cloth,2,Uncommon
59461.0,2058.1582689342404,2726.2329704129443,8.0507,0.7047710050041908,horde,moon-guard,pve,118931,77216,Fury of Angerforge,4,Armor,0,Miscellaneous,4,Epic
85788.0,5518.268633249999,1946.8226117194852,31.795,0.7208112235423828,horde,moon-guard,pve,118931,77216,Chestguard of Nemeses,4,Armor,2,Leather,4,Epic
87463.0,3233.8910749999995,1634.2259308595194,20.3745,0.7038744910700971,horde,moon-guard,pve,118931,77216,Very Manly Leggings,4,Armor,1,Cloth,3,Rare
93467.0,1640.3440055376345,254.52570636641576,17.3659,0.7679237512431891,horde,moon-guard,pve,118931,77216,Crafted Dreadful Gladiator's Kodohide Helm,4,Armor,2,Leather,3,Rare
7065.0,251.19865261904755,109.93870043959383,0.4196,0.884152117200998,alliance,darkspear,pvp,203810,54593,Green Silk Armor,4,Armor,1,Cloth,2,Uncommon
7474.0,166.90153064102563,459.3619961997592,0.5730999999999999,0.8134853222191812,alliance,darkspear,pvp,203810,54593,Regal Cloak,4,Armor,1,Cloth,2,Uncommon
12026.0,33.93099,23.28618960495482,0.7757000000000001,0.8419533852571127,alliance,darkspear,pvp,203810,54593,Quicksilver Pendant,4,Armor,0,Miscellaneous,2,Uncommon
15069.0,340.6146657777778,149.51962259574898,2.3818,0.7270418975597509,alliance,darkspear,pvp,203810,54593,Frostsaber Leggings,4,Armor,2,Leather,2,Uncommon
15673.0,1180.706462574405,508.74347372554564,1.2994,0.8009900868592134,alliance,darkspear,pvp,203810,54593,Magnificent Belt,4,Armor,3,Mail,2,Uncommon
31177.0,194.88239895833334,136.11115243580971,2.5057,0.8216838544215675,alliance,darkspear,pvp,203810,54593,Rockwurm Scale Gauntlets,4,Armor,3,Mail,3,Rare
36110.0,96.556524122807,53.82542980849554,3.3895,0.9974906531371704,alliance,darkspear,pvp,203810,54593,Vileprey Gloves,4,Armor,2,Leather,2,Uncommon
39894.0,801.3332190476192,649.7255056335852,0.1644,0.7405630828577703,alliance,darkspear,pvp,203810,54593,Darkcloth Shoulders,4,Armor,1,Cloth,3,Rare
43870.0,368.40021968537405,232.13442247250302,3.4463,0.7374750188032442,alliance,darkspear,pvp,203810,54593,Brilliant Saronite Helm,4,Armor,4,Plate,3,Rare
44681.0,102.81784375000001,77.20094249825338,4.914,0.9977498337530571,alliance,darkspear,pvp,203810,54593,Titanium Brain-Gear,4,Armor,0,Miscellaneous,3,Rare
45322.0,929.8729622666667,966.677260093002,11.2448,0.7812283536334291,alliance,darkspear,pvp,203810,54593,Cloak of the Iron Council,4,Armor,1,Cloth,4,Epic
76160.0,1026.3782383333335,551.7320045955546,18.4528,0.8965400675850546,alliance,darkspear,pvp,203810,54593,Drapes of the Dragonshrine,4,Armor,1,Cloth,4,Epic
3065.0,313.3691539215687,215.34354425378416,0.1149,0.7526878513369182,horde,darkspear,pvp,203810,54593,Bright Boots,4,Armor,1,Cloth,2,Uncommon
3428.0,188.04620370370375,226.86189165848137,0.01,-0.7161707210111958,horde,darkspear,pvp,203810,54593,Common Gray Shirt,4,Armor,0,Miscellaneous,1,Common
3483.0,37.25292239583334,38.7519137941227,0.1133,0.7972082742166008,horde,darkspear,pvp,203810,54593,Silvered Bronze Gauntlets,4,Armor,3,Mail,2,Uncommon
6787.0,104.18446624999999,117.55952340801947,0.0002,0.7188264432592936,horde,darkspear,pvp,203810,54593,White Woolen Dress,4,Armor,0,Miscellaneous,1,Common
7524.0,286.8236416666667,425.3842644375363,0.7506,0.7947022929865599,horde,darkspear,pvp,203810,54593,Gossamer Cape,4,Armor,1,Cloth,2,Uncommon
10366.0,220.3496496212121,94.29627763853682,2.8849,0.8437501738198332,horde,darkspear,pvp,203810,54593,Demon Guard,4,Armor,6,Shield,2,Uncommon
14188.0,462.13392857142856,67.5443092615828,0.1715,0.7167901343735796,horde,darkspear,pvp,203810,54593,Raincaller Cloak,4,Armor,1,Cloth,2,Uncommon
14464.0,482.12399555555555,14.554192935076136,3.1655,0.9095112477108459,horde,darkspear,pvp,203810,54593,Elunarian Silk Robes,4,Armor,1,Cloth,2,Uncommon
14598.0,286.32002534722216,106.9533277588364,0.3738,0.7375325506733452,horde,darkspear,pvp,203810,54593,Warden's Waistband,4,Armor,2,Leather,2,Uncommon
15364.0,114.04502187499999,80.8649964406479,0.4247,0.7112449454594016,horde,darkspear,pvp,203810,54593,Trickster's Cloak,4,Armor,1,Cloth,2,Uncommon
24638.0,325.00144255555557,261.38711353572154,3.5407,0.7972863647032365,horde,darkspear,pvp,203810,54593,Mistyreed Boots,4,Armor,1,Cloth,2,Uncommon
24644.0,60.287058333333334,43.188882277991674,2.259,0.7300590209302388,horde,darkspear,pvp,203810,54593,Mistyreed Bracers,4,Armor,1,Cloth,2,Uncommon
24725.0,121.54891979166666,159.03528946172378,2.1433,0.7448588280447869,horde,darkspear,pvp,203810,54593,Dementia Cord,4,Armor,2,Leather,2,Uncommon
24966.0,84.79310555555556,56.426123207243556,2.2246,0.9165092204113268,horde,darkspear,pvp,203810,54593,Talonguard Girdle,4,Armor,4,Plate,2,Uncommon
36003.0,55.18509490740741,15.633595128598145,3.2992,0.7106365096347208,horde,darkspear,pvp,203810,54593,Icemist Sash,4,Armor,1,Cloth,2,Uncommon
36373.0,175.06843333333336,206.33906319804635,7.6869,0.7616133347368096,horde,darkspear,pvp,203810,54593,Kraken Breastplate,4,Armor,4,Plate,2,Uncommon
36375.0,64.50232896825396,40.849926826832295,5.2433000000000005,0.7240065483841472,horde,darkspear,pvp,203810,54593,Kraken Helm,4,Armor,4,Plate,2,Uncommon
36394.0,54.68291222222222,48.08077944938265,4.0496,0.7679987779084435,horde,darkspear,pvp,203810,54593,Revenant Bracers,4,Armor,4,Plate,2,Uncommon
55309.0,210.62621458333334,117.03974792658359,8.9715,0.8566147735378989,horde,darkspear,pvp,203810,54593,Swamplight Cloak,4,Armor,1,Cloth,2,Uncommon
55312.0,105.94151055555554,48.99477118909221,9.6006,0.7200079015715709,horde,darkspear,pvp,203810,54593,Nethander Cloak,4,Armor,1,Cloth,2,Uncommon
82968.0,415.855925,320.4102765871063,10.3866,-0.7148148169242363,horde,darkspear,pvp,203810,54593,Masterwork Lightsteel Shield,4,Armor,6,Shield,3,Rare
87458.0,2596.1261931372546,1223.3695926142882,4.274699999999998,0.744365429232839,horde,darkspear,pvp,203810,54593,Bone-Inlaid Fan,4,Armor,0,Miscellaneous,3,Rare
93504.0,754.8182155555556,62.811041260865665,10.9406,0.7354893274434151,horde,darkspear,pvp,203810,54593,Crafted Dreadful Gladiator's Waistband of Cruelty,4,Armor,2,Leather,3,Rare
2584.0,28.030646296296297,42.34124488867364,0.0248,-0.71547845207134,alliance,frostmourne,pvp,156557,85711,Woolen Cape,4,Armor,1,Cloth,1,Common
14790.0,376.11185476190474,371.91169302502846,1.8781,-0.7554523087823847,alliance,frostmourne,pvp,156557,85711,Protector Buckler,4,Armor,6,Shield,2,Uncommon
14792.0,1616.1646427040814,539.1137708135815,0.8166000000000001,-0.7114530344936726,alliance,frostmourne,pvp,156557,85711,Protector Gauntlets,4,Armor,3,Mail,2,Uncommon
24744.0,68.51553657407408,63.12327067512897,2.2577,-0.7868521833952622,alliance,frostmourne,pvp,156557,85711,Ranger Gloves,4,Armor,2,Leather,2,Uncommon
25656.0,59.45450541666666,43.19236353909525,4.2912,-0.7420366544190278,alliance,frostmourne,pvp,156557,85711,Felscale Pants,4,Armor,3,Mail,2,Uncommon
36146.0,45.062825490196076,28.410808784858535,3.6709,-0.7056632839911521,alliance,frostmourne,pvp,156557,85711,Ghrino Bracers,4,Armor,2,Leather,2,Uncommon
36369.0,137.24945555555556,138.45857770825398,5.4053,-0.7996428088533442,alliance,frostmourne,pvp,156557,85711,Magnataur Pauldrons,4,Armor,4,Plate,2,Uncommon
2989.0,267.12821754224274,66.14243695949733,0.1168,0.7252029632572645,horde,frostmourne,pvp,156557,85711,Burnished Tunic,4,Armor,3,Mail,2,Uncommon
2991.0,259.38384519047617,68.1343322940425,0.0818,0.7619521133780452,horde,frostmourne,pvp,156557,85711,Burnished Boots,4,Armor,3,Mail,2,Uncommon
3020.0,232.414925,223.3555582740055,0.3711,0.7611584136863287,horde,frostmourne,pvp,156557,85711,Enduring Cap,4,Armor,2,Leather,3,Rare
3482.0,47.79867631578947,5.800570066415144,0.1527,0.7432795264986227,horde,frostmourne,pvp,156557,85711,Silvered Bronze Boots,4,Armor,3,Mail,2,Uncommon
4041.0,235.04609777777776,91.66422656785586,0.5501,0.7861184940394913,horde,frostmourne,pvp,156557,85711,Aurora Cowl,4,Armor,1,Cloth,2,Uncommon
4721.0,557.6314651666668,84.94892026077333,0.3926,0.7390383697126054,horde,frostmourne,pvp,156557,85711,Insignia Mantle,4,Armor,2,Leather,2,Uncommon
4726.0,472.00539000000003,61.96815966511782,0.4088,-0.7658531331743587,horde,frostmourne,pvp,156557,85711,Chief Brigadier Cloak,4,Armor,1,Cloth,2,Uncommon
4731.0,328.924837184265,121.90267537712649,0.5343,0.730359820279043,horde,frostmourne,pvp,156557,85711,Glyphed Epaulets,4,Armor,2,Leather,2,Uncommon
6430.0,393.0521696173469,116.55345461435813,1.2738,0.7813944892206766,horde,frostmourne,pvp,156557,85711,Imperial Leather Breastplate,4,Armor,2,Leather,2,Uncommon
6547.0,65.9138387037037,88.00379617315339,0.0314,0.7668358066756097,horde,frostmourne,pvp,156557,85711,Soldier's Gauntlets,4,Armor,3,Mail,2,Uncommon
7458.0,239.1631439708142,85.92212007530259,0.4618,0.7156576010944785,horde,frostmourne,pvp,156557,85711,Knight's Boots,4,Armor,3,Mail,2,Uncommon
7465.0,555.8145710805861,485.8635990608262,0.6747000000000001,0.7230775614879719,horde,frostmourne,pvp,156557,85711,Knight's Crest,4,Armor,6,Shield,2,Uncommon
7488.0,296.38435105555556,98.4351444252304,0.7031,0.7061618758572471,horde,frostmourne,pvp,156557,85711,Captain's Circlet,4,Armor,3,Mail,2,Uncommon
7542.0,238.4671059615385,140.11879322575396,0.9604,0.7888523522980618,horde,frostmourne,pvp,156557,85711,Champion's Greaves,4,Armor,3,Mail,2,Uncommon
8111.0,340.20016022727265,108.51124429995772,1.0289,0.7551117278745594,horde,frostmourne,pvp,156557,85711,Hibernal Mantle,4,Armor,1,Cloth,2,Uncommon
8139.0,249.27295182266008,96.69945611633857,0.5375,0.7024976980847328,horde,frostmourne,pvp,156557,85711,Chromite Gauntlets,4,Armor,4,Plate,2,Uncommon
8159.0,554.5816874999999,51.12176626570676,0.3949,0.7660469905854627,horde,frostmourne,pvp,156557,85711,Jouster's Girdle,4,Armor,4,Plate,2,Uncommon
8259.0,45.77725999999999,32.35275024823263,1.2777,0.713414987095742,horde,frostmourne,pvp,156557,85711,Serpentskin Cloak,4,Armor,1,Cloth,2,Uncommon
8303.0,455.02530822857136,111.49038535551574,2.9358,0.7783677540460897,horde,frostmourne,pvp,156557,85711,Hero's Breastplate,4,Armor,3,Mail,2,Uncommon
9823.0,52.24988466666666,28.850911739251167,0.1699,0.7574204150157022,horde,frostmourne,pvp,156557,85711,Durable Gloves,4,Armor,1,Cloth,2,Uncommon
9971.0,136.5664813768116,67.89536876510972,0.6978,0.7219003470113425,horde,frostmourne,pvp,156557,85711,Embossed Plate Pauldrons,4,Armor,4,Plate,2,Uncommon
10070.0,231.3424838461538,86.72496594098428,2.1675,0.7154363347602309,horde,frostmourne,pvp,156557,85711,Righteous Armor,4,Armor,2,Leather,2,Uncommon
10139.0,175.36397763605444,58.17031178226406,2.322,0.7557228790807293,horde,frostmourne,pvp,156557,85711,High Councillor's Circlet,4,Armor,1,Cloth,2,Uncommon
10149.0,259.3558276,51.60066052671215,1.4842,0.7598764357927997,horde,frostmourne,pvp,156557,85711,Mighty Gauntlets,4,Armor,2,Leather,2,Uncommon
10151.0,203.40589411764705,61.33953317799602,3.0959,0.8739234730359577,horde,frostmourne,pvp,156557,85711,Mighty Tunic,4,Armor,2,Leather,2,Uncommon
10219.0,139.99186125,66.7091641678721,2.0980000000000003,0.8235394352136187,horde,frostmourne,pvp,156557,85711,Elegant Circlet,4,Armor,1,Cloth,2,Uncommon
10227.0,391.3901726666667,109.0183895841771,3.0477,0.7291885671829005,horde,frostmourne,pvp,156557,85711,Nightshade Leggings,4,Armor,2,Leather,2,Uncommon
10257.0,194.6214097460318,92.85268224086215,2.1988,0.7565879543088273,horde,frostmourne,pvp,156557,85711,Adventurer's Boots,4,Armor,2,Leather,2,Uncommon
10261.0,277.1509176719577,78.04002520101022,2.2619,0.7130773149486329,horde,frostmourne,pvp,156557,85711,Adventurer's Bandana,4,Armor,2,Leather,2,Uncommon
10268.0,313.7410709047619,140.01947103539226,1.5585,0.7027933888351119,horde,frostmourne,pvp,156557,85711,Masterwork Gauntlets,4,Armor,3,Mail,2,Uncommon
10377.0,193.87592896551726,152.8505705110498,1.4041,0.7344062592993208,horde,frostmourne,pvp,156557,85711,Commander's Vambraces,4,Armor,4,Plate,2,Uncommon
13132.0,242.31671798941795,124.79553606326832,0.8509,0.7332449777977731,horde,frostmourne,pvp,156557,85711,Skeletal Shoulders,4,Armor,3,Mail,3,Rare
14090.0,23.337624074074075,30.895936269539476,0.0209,0.7227437583839446,horde,frostmourne,pvp,156557,85711,Beaded Britches,4,Armor,1,Cloth,2,Uncommon
14183.0,196.47256687500004,140.0880422508019,0.29929999999999995,0.813574259716317,horde,frostmourne,pvp,156557,85711,Watcher's Leggings,4,Armor,1,Cloth,2,Uncommon
14189.0,182.17301052631575,140.59741065994191,0.2773,0.7019397363804902,horde,frostmourne,pvp,156557,85711,Raincaller Cap,4,Armor,1,Cloth,2,Uncommon
14212.0,123.14672399999998,128.04766880387245,0.3833,0.7690199704775318,horde,frostmourne,pvp,156557,85711,Vital Shoulders,4,Armor,1,Cloth,2,Uncommon
14252.0,64.58550416666668,36.2346656922261,0.8583,0.8204397668767833,horde,frostmourne,pvp,156557,85711,Lunar Coronet,4,Armor,1,Cloth,2,Uncommon
14255.0,143.91759545454545,125.07011823760853,0.4627,0.7712700072663771,horde,frostmourne,pvp,156557,85711,Lunar Belt,4,Armor,1,Cloth,2,Uncommon
14312.0,186.23097958095238,25.736255951572954,2.2841000000000005,0.7618281752398485,horde,frostmourne,pvp,156557,85711,Celestial Crown,4,Armor,1,Cloth,2,Uncommon
14317.0,371.9569771781305,75.95527711100512,2.8109,0.740791112944225,horde,frostmourne,pvp,156557,85711,Celestial Silk Robes,4,Armor,1,Cloth,2,Uncommon
14318.0,433.225221573499,753.0186518608492,2.8996,0.7925991130453823,horde,frostmourne,pvp,156557,85711,Resplendent Tunic,4,Armor,1,Cloth,2,Uncommon
14323.0,218.291810921659,58.94154187844831,1.4647,0.7531151880133538,horde,frostmourne,pvp,156557,85711,Resplendent Gauntlets,4,Armor,1,Cloth,2,Uncommon
14329.0,335.21092625220456,94.43384669888052,2.2908,0.8191958271979505,horde,frostmourne,pvp,156557,85711,Eternal Boots,4,Armor,1,Cloth,2,Uncommon
14442.0,437.6705512058373,163.7012515047532,0.7887000000000001,0.7225935311689612,horde,frostmourne,pvp,156557,85711,Venomshroud Mitts,4,Armor,1,Cloth,2,Uncommon
14465.0,204.01188156862744,167.2872256249371,1.5129,0.8379284721095418,horde,frostmourne,pvp,156557,85711,Elunarian Belt,4,Armor,1,Cloth,2,Uncommon
14583.0,330.3436296666667,61.32831511016302,0.1878,0.7906137959452951,horde,frostmourne,pvp,156557,85711,Dokebi Gloves,4,Armor,2,Leather,2,Uncommon
14661.0,431.4068381573498,102.10234679115347,0.7689,0.7100869289291357,horde,frostmourne,pvp,156557,85711,Keeper's Cord,4,Armor,2,Leather,2,Uncommon
14687.0,495.96802432539687,88.5007410823123,3.0489,0.7736049391213103,horde,frostmourne,pvp,156557,85711,Indomitable Leggings,4,Armor,2,Leather,2,Uncommon
14722.0,302.82010410714287,76.35911180409751,0.049100000000000005,0.7102245370543181,horde,frostmourne,pvp,156557,85711,War Paint Anklewraps,4,Armor,3,Mail,2,Uncommon
14726.0,283.26968863553117,63.466512691918965,0.0395,0.711731073903777,horde,frostmourne,pvp,156557,85711,War Paint Gloves,4,Armor,3,Mail,2,Uncommon
14749.0,290.36161439999995,83.294987200514,0.1536,0.7176955920338702,horde,frostmourne,pvp,156557,85711,Hulking Spaulders,4,Armor,3,Mail,2,Uncommon
14751.0,360.87757986863704,113.0084748081308,0.403,0.7527424157246925,horde,frostmourne,pvp,156557,85711,Slayer's Surcoat,4,Armor,3,Mail,2,Uncommon
14778.0,68.65353157142856,90.75042992117005,0.5788,0.8035585885127378,horde,frostmourne,pvp,156557,85711,Khan's Bindings,4,Armor,3,Mail,2,Uncommon
14796.0,3154.956024242425,419.32860268351135,1.9814,0.7469413004460507,horde,frostmourne,pvp,156557,85711,Protector Legguards,4,Armor,3,Mail,2,Uncommon
14815.0,399.6892663793103,121.33222088318789,1.5054,0.7650615103268491,horde,frostmourne,pvp,156557,85711,Warstrike Gauntlets,4,Armor,3,Mail,2,Uncommon
14848.0,1138.4904084173668,371.456168561629,1.1972,0.7842942539951974,horde,frostmourne,pvp,156557,85711,Sunscale Sabatons,4,Armor,4,Plate,2,Uncommon
14859.0,35980.11951315789,8794.878803955819,2.5936,0.7337610947133961,horde,frostmourne,pvp,156557,85711,Vanguard Legplates,4,Armor,4,Plate,2,Uncommon
14865.0,627.4712572710623,772.8590526194816,2.0993,0.7225552074138105,horde,frostmourne,pvp,156557,85711,Warleader's Greaves,4,Armor,4,Plate,2,Uncommon
14868.0,374.27824023809535,145.2522678001731,2.2112,0.7936940106525406,horde,frostmourne,pvp,156557,85711,Warleader's Shoulders,4,Armor,4,Plate,2,Uncommon
14940.0,346.31530333333336,177.28229757176828,0.7090000000000001,0.7232680080132871,horde,frostmourne,pvp,156557,85711,Warbringer's Sabatons ,4,Armor,4,Plate,2,Uncommon
14976.0,1289.8450249735454,993.2491978310162,1.4191,0.7575297989433231,horde,frostmourne,pvp,156557,85711,Exalted Gauntlets,4,Armor,4,Plate,2,Uncommon
14981.0,2068.23595815873,554.325623695989,2.2416,0.8066145053580934,horde,frostmourne,pvp,156557,85711,Exalted Epaulets,4,Armor,4,Plate,2,Uncommon
15189.0,392.0619870046084,125.33323193914347,2.197,0.7448105483916172,horde,frostmourne,pvp,156557,85711,Grand Boots,4,Armor,2,Leather,2,Uncommon
15191.0,869.795530952381,496.1818079769341,1.2721,0.7638954165087422,horde,frostmourne,pvp,156557,85711,Grand Belt,4,Armor,2,Leather,2,Uncommon
15358.0,499.8307160884354,236.96504587331214,0.5046,0.7341171234458679,horde,frostmourne,pvp,156557,85711,Headhunter's Woolies,4,Armor,2,Leather,2,Uncommon
15430.0,190.88602716356107,61.13133736413148,2.1568,0.7355513712666846,horde,frostmourne,pvp,156557,85711,Peerless Headband,4,Armor,2,Leather,2,Uncommon
15432.0,495.00100457142855,119.29446573161756,1.9709,0.7885695186900179,horde,frostmourne,pvp,156557,85711,Peerless Shoulders,4,Armor,2,Leather,2,Uncommon
15436.0,143.43708198095237,28.885099188591422,1.4811,0.7055598977259696,horde,frostmourne,pvp,156557,85711,Supreme Bracers,4,Armor,2,Leather,2,Uncommon
15498.0,359.35044427248675,116.88903114920991,0.0781,0.7464871165120215,horde,frostmourne,pvp,156557,85711,Outrunner's Slippers,4,Armor,3,Mail,2,Uncommon
15520.0,587.3344260833334,183.86533510652902,0.1032,0.7232916703192469,horde,frostmourne,pvp,156557,85711,Spiked Chain Gauntlets,4,Armor,3,Mail,2,Uncommon
15554.0,266.9352078431372,134.9416781948443,0.2175,-0.7517397307069982,horde,frostmourne,pvp,156557,85711,Pillager's Girdle,4,Armor,3,Mail,2,Uncommon
15568.0,343.6452911764706,200.0012793770941,0.3168,-0.7695774172549062,horde,frostmourne,pvp,156557,85711,Marauder's Cloak,4,Armor,1,Cloth,2,Uncommon
15590.0,99.19145666666668,77.5823728815176,0.3138,0.7176039548417845,horde,frostmourne,pvp,156557,85711,Steadfast Bracelets,4,Armor,3,Mail,2,Uncommon
15593.0,475.26042715277777,94.65337714901251,0.6442,0.7620564572839744,horde,frostmourne,pvp,156557,85711,Steadfast Coronet,4,Armor,3,Mail,2,Uncommon
15660.0,529.2989330645162,194.97949291238908,2.9648,0.717366027048295,horde,frostmourne,pvp,156557,85711,Impenetrable Breastplate,4,Armor,3,Mail,2,Uncommon
15665.0,796.9002957054671,369.0891990238972,2.9773,0.7851238415850726,horde,frostmourne,pvp,156557,85711,Impenetrable Legguards,4,Armor,3,Mail,2,Uncommon
15669.0,808.626274047619,245.28766280316853,3.1043000000000003,0.7004183702622561,horde,frostmourne,pvp,156557,85711,Magnificent Breastplate,4,Armor,3,Mail,2,Uncommon
15675.0,282.49892974206347,44.486912560481485,2.6975,0.8188272045226342,horde,frostmourne,pvp,156557,85711,Magnificent Guard,4,Armor,6,Shield,2,Uncommon
15684.0,540.0907615833333,155.45886173059466,2.3446,0.8349323505737064,horde,frostmourne,pvp,156557,85711,Triumphant Skullcap,4,Armor,3,Mail,2,Uncommon
15892.0,526.7212334567901,146.40429521240827,0.3582,0.7912325659814052,horde,frostmourne,pvp,156557,85711,Slayer's Shield,4,Armor,6,Shield,2,Uncommon
24649.0,62.001980701754384,56.6470118436779,3.5168,0.7523895241381755,horde,frostmourne,pvp,156557,85711,Astralaan Headdress,4,Armor,1,Cloth,2,Uncommon
24682.0,49.32045766513057,27.510362299377324,5.0462,0.7734404870113929,horde,frostmourne,pvp,156557,85711,Archmage Pants,4,Armor,1,Cloth,2,Uncommon
24772.0,72.69790092592592,74.32023965352879,2.3333,0.8245430551907961,horde,frostmourne,pvp,156557,85711,Clefthoof Bracers,4,Armor,2,Leather,2,Uncommon
24797.0,44.12455494252874,27.440403050181178,2.5569,0.7690275342019519,horde,frostmourne,pvp,156557,85711,Expedition Bracers,4,Armor,2,Leather,2,Uncommon
24808.0,233.94995157312925,121.14479152527367,3.9119,0.7062490086180581,horde,frostmourne,pvp,156557,85711,Unyielding Chain Vest,4,Armor,3,Mail,2,Uncommon
24810.0,200.0167427731092,61.00533577442587,2.9488,0.7046751173331259,horde,frostmourne,pvp,156557,85711,Unyielding Helm,4,Armor,3,Mail,2,Uncommon
24843.0,215.05199144927536,231.18286126267023,4.3398,0.7914583339313219,horde,frostmourne,pvp,156557,85711,Wrathfin Legguards,4,Armor,3,Mail,2,Uncommon
24851.0,34.85504544444445,24.168071370228738,4.271599999999999,0.7809643240261027,horde,frostmourne,pvp,156557,85711,Fenclaw Legguards,4,Armor,3,Mail,2,Uncommon
24901.0,43.876066912972085,35.619332119444785,2.6688,0.7853659979701741,horde,frostmourne,pvp,156557,85711,Tortured Bracer,4,Armor,3,Mail,2,Uncommon
24904.0,53.49990106666668,39.41984737835244,4.9695,0.8213879959560483,horde,frostmourne,pvp,156557,85711,Talhide Chestpiece,4,Armor,3,Mail,2,Uncommon
24905.0,54.99807965437787,42.07020677253826,2.5086,0.8375913453796678,horde,frostmourne,pvp,156557,85711,Talhide Lined-Gloves,4,Armor,3,Mail,2,Uncommon
24911.0,135.85772750000004,88.17968825628415,3.9095,0.7598385046755212,horde,frostmourne,pvp,156557,85711,Netherstorm Greaves,4,Armor,3,Mail,2,Uncommon
24916.0,104.87242520833333,65.23167827788852,4.0888,0.7040700194679629,horde,frostmourne,pvp,156557,85711,Netherstorm Shoulderguards,4,Armor,3,Mail,2,Uncommon
25007.0,183.5158947460317,101.98451808015409,3.7739,0.7488869614596896,horde,frostmourne,pvp,156557,85711,Conqueror's Greaves,4,Armor,4,Plate,2,Uncommon
25055.0,39.32114473809524,45.85256146101477,3.6368,0.7416621039056229,horde,frostmourne,pvp,156557,85711,Alexandrite Ring,4,Armor,0,Miscellaneous,2,Uncommon
25081.0,245.76489426929396,99.06684383247391,4.406300000000001,0.7990558366877678,horde,frostmourne,pvp,156557,85711,Bayeaux Shield,4,Armor,6,Shield,2,Uncommon
25098.0,75.13257113378684,82.56909683933718,3.7236,0.7438170893106926,horde,frostmourne,pvp,156557,85711,Tuurik Torch,4,Armor,0,Miscellaneous,2,Uncommon
31306.0,119.98591913210446,177.93536334563643,6.0579,0.7512867766992393,horde,frostmourne,pvp,156557,85711,Leggings of the Sacred Crest,4,Armor,1,Cloth,3,Rare
36054.0,32.72476037037037,13.804916749768303,4.0353,0.7338462226863154,horde,frostmourne,pvp,156557,85711,Vizier Gloves,4,Armor,1,Cloth,2,Uncommon
36263.0,55.40958360389612,41.86243914163568,5.2631,0.7498000882122777,horde,frostmourne,pvp,156557,85711,Cormorant Helm,4,Armor,3,Mail,2,Uncommon
36272.0,46.56339583333333,19.4369643235753,7.4349,0.7729563065039732,horde,frostmourne,pvp,156557,85711,Ulduar Legguards,4,Armor,3,Mail,2,Uncommon
36327.0,86.17828125000001,43.777262017234726,4.7625,0.7660119919684142,horde,frostmourne,pvp,156557,85711,Halgrind Helmet,4,Armor,4,Plate,2,Uncommon
39472.0,142.30632438492063,82.03033809384104,7.1245,0.7243791356377691,horde,frostmourne,pvp,156557,85711,Chain of Latent Energies,4,Armor,0,Miscellaneous,4,Epic
40426.0,230.16323166666666,228.85585013017527,7.1245,0.7033009074240872,horde,frostmourne,pvp,156557,85711,Signet of the Accord,4,Armor,0,Miscellaneous,4,Epic
44649.0,156.78937407407406,269.3373459097643,4.2673,0.7796005981618935,horde,frostmourne,pvp,156557,85711,Crystalbark's Toenail,4,Armor,4,Plate,3,Rare
55511.0,92.77720222222221,68.58797540842639,9.2654,0.8538602551816519,horde,frostmourne,pvp,156557,85711,Ravencrest Sabatons,4,Armor,4,Plate,2,Uncommon
55552.0,280.00224803921566,168.0006286759516,5.9611,0.7034808019300155,horde,frostmourne,pvp,156557,85711,Rethban Girdle,4,Armor,4,Plate,2,Uncommon
55593.0,73.80464078431372,31.976095149775677,6.5595,0.7407067725833174,horde,frostmourne,pvp,156557,85711,Thornsnarl Gauntlets,4,Armor,3,Mail,2,Uncommon
59901.0,13366.77844094388,3221.764285231905,18.3087,0.8028205220215023,horde,frostmourne,pvp,156557,85711,Heaving Plates of Protection,4,Armor,4,Plate,4,Epic
60201.0,751.690233234127,393.4254057664023,24.552,0.7504120680651611,horde,frostmourne,pvp,156557,85711,Phase-Twister Leggings,4,Armor,3,Mail,4,Epic
66992.0,320.02033,351.9469538866926,17.4523,0.7685598813416963,horde,frostmourne,pvp,156557,85711,Harbinger's Breastplate,4,Armor,4,Plate,3,Rare
67112.0,425.62655111111116,213.00260120305376,11.2515,0.7895750747464072,horde,frostmourne,pvp,156557,85711,Brittany's Ceremonial Spaulders,4,Armor,2,Leather,3,Rare
69798.0,718.9146331884057,1187.6858843555015,12.4257,0.757496000336268,horde,frostmourne,pvp,156557,85711,Knotted Handwraps,4,Armor,2,Leather,4,Epic
69799.0,277.0172379629629,220.4127806643301,12.2772,0.713051908557765,horde,frostmourne,pvp,156557,85711,Quickfinger Ring,4,Armor,0,Miscellaneous,4,Epic
82201.0,42.77368049155147,34.56615958712235,8.068200000000001,0.7302138327997257,horde,frostmourne,pvp,156557,85711,Trellised Wristwraps,4,Armor,1,Cloth,2,Uncommon
82248.0,50.87988083717358,21.648345292166205,18.3617,0.7163964859453815,horde,frostmourne,pvp,156557,85711,Yak Vest,4,Armor,3,Mail,2,Uncommon
82929.0,487.9317943589743,451.3800817981581,9.9767,0.8064123967822555,horde,frostmourne,pvp,156557,85711,Ghost-Forged Breastplate,4,Armor,4,Plate,3,Rare
85832.0,79.74342840245774,66.93067374253913,4.0587,0.8412806860286841,horde,frostmourne,pvp,156557,85711,Misthide Belt,4,Armor,2,Leather,2,Uncommon
85834.0,77.94063741935483,58.00502902260301,4.0882000000000005,0.7365775042493331,horde,frostmourne,pvp,156557,85711,Misthide Bracers,4,Armor,2,Leather,2,Uncommon
85836.0,87.59682920122889,54.73676055926326,4.118,0.8634911537000748,horde,frostmourne,pvp,156557,85711,Misthide Gloves,4,Armor,2,Leather,2,Uncommon
85837.0,86.77180300307218,71.30181629613135,6.1525000000000025,0.8491107532429605,horde,frostmourne,pvp,156557,85711,Misthide Helm,4,Armor,2,Leather,2,Uncommon
85838.0,109.37312172413793,110.80675031604517,8.2479,0.8021536870425607,horde,frostmourne,pvp,156557,85711,Misthide Leggings,4,Armor,2,Leather,2,Uncommon
93456.0,323.2047037037038,185.046271788144,23.2034,0.7456566501283205,horde,frostmourne,pvp,156557,85711,Crafted Dreadful Gladiator's Dreadplate Legguards,4,Armor,4,Plate,3,Rare
94029.0,992.5200281573498,2203.1810779904167,13.2261,0.7868115522973319,horde,frostmourne,pvp,156557,85711,Faded Spirit-Wrencher Shoulders,4,Armor,1,Cloth,2,Uncommon
94035.0,347.7320173891626,173.35436215631523,9.0824,0.7147763079149688,horde,frostmourne,pvp,156557,85711,Primordial Bloodsoaked Belt,4,Armor,4,Plate,2,Uncommon
94273.0,12152.063229690479,3124.4440264830446,25.4347,0.7399596710011858,horde,frostmourne,pvp,156557,85711,Spirit Keeper Footguards,4,Armor,2,Leather,4,Epic
57.0,696.5151562499999,1035.8432751835321,0.0002,0.7401068814930937,alliance,kelthuzad,pvp,205889,12691,Acolyte's Robe,4,Armor,1,Cloth,1,Common
4317.0,292.80551805555547,100.0480683021873,0.1883,0.7558155695720604,alliance,kelthuzad,pvp,205889,12691,Phoenix Pants,4,Armor,1,Cloth,2,Uncommon
7558.0,68.2180399122807,120.39737105257846,0.16090000000000002,0.8256586716850461,alliance,kelthuzad,pvp,205889,12691,Shimmering Stave,4,Armor,0,Miscellaneous,2,Uncommon
10008.0,232.8786340634921,146.29739534418877,0.7625,0.7602200472691509,alliance,kelthuzad,pvp,205889,12691,White Bandit Mask,4,Armor,1,Cloth,2,Uncommon
14457.0,422.3603773677249,223.11221981473147,1.3333000000000002,0.7293092915853192,alliance,kelthuzad,pvp,205889,12691,Elunarian Cuffs,4,Armor,1,Cloth,2,Uncommon
14724.0,78.72312103174603,98.33658707648615,0.0442,0.7897261543318309,alliance,kelthuzad,pvp,205889,12691,War Paint Cloak,4,Armor,1,Cloth,2,Uncommon
15637.0,614.9971392517007,87.45171487845022,1.6983,-0.7477729925500005,alliance,kelthuzad,pvp,205889,12691,Formidable Legguards,4,Armor,3,Mail,2,Uncommon
15639.0,466.32783771929815,174.9053074890351,0.826,0.7242694940186234,alliance,kelthuzad,pvp,205889,12691,Ironhide Bracers,4,Armor,3,Mail,2,Uncommon
24653.0,142.82903568965514,200.14027458862319,2.459,0.7166628940005924,alliance,kelthuzad,pvp,205889,12691,Consortium Sash,4,Armor,1,Cloth,2,Uncommon
24889.0,73.21565129032258,48.37030854037813,2.4285,0.7432524525223705,alliance,kelthuzad,pvp,205889,12691,Skettis Gauntlets,4,Armor,3,Mail,2,Uncommon
25098.0,39.16962089682541,30.143807835896588,3.7236,0.7169387238844649,alliance,kelthuzad,pvp,205889,12691,Tuurik Torch,4,Armor,0,Miscellaneous,2,Uncommon
31131.0,225.11177777777777,251.95850524730264,2.245,0.7381744096551521,alliance,kelthuzad,pvp,205889,12691,Sash of Silent Blades,4,Armor,2,Leather,3,Rare
31187.0,438.4780742105263,965.8244682164731,3.8028,0.7093353601836827,alliance,kelthuzad,pvp,205889,12691,Boots of the Pathfinder,4,Armor,3,Mail,3,Rare
36120.0,119.48580243055555,175.98686625021273,6.6597,0.7145563720592679,alliance,kelthuzad,pvp,205889,12691,Taunka Legguards,4,Armor,2,Leather,2,Uncommon
36232.0,93.42604403508771,107.86171534069706,6.6355,0.8257932224990003,alliance,kelthuzad,pvp,205889,12691,Trapper Leggings,4,Armor,3,Mail,2,Uncommon
36357.0,67.09831470588236,58.286042726919625,6.7478,0.7397937438127125,alliance,kelthuzad,pvp,205889,12691,Frostpaw Armor,4,Armor,4,Plate,2,Uncommon
36414.0,99.59110526315786,253.98340509912794,5.9001,0.7397998565186023,alliance,kelthuzad,pvp,205889,12691,Mammoth Fur Cloak,4,Armor,1,Cloth,2,Uncommon
45562.0,3679.650384615384,571.2672185616674,11.33,-0.7854066007970911,alliance,kelthuzad,pvp,205889,12691,Boots of Living Scale,4,Armor,3,Mail,4,Epic
50447.0,251.7780611751152,128.03041010056185,7.5623,0.7079761294024618,alliance,kelthuzad,pvp,205889,12691,Harbinger's Bone Band,4,Armor,0,Miscellaneous,4,Epic
55491.0,152.01236278659613,54.954245408127036,6.0049,0.7649208201550466,alliance,kelthuzad,pvp,205889,12691,Direforge Vambraces,4,Armor,4,Plate,2,Uncommon
2396.0,136.7817625,65.81890530875339,0.005,0.8318119680924555,alliance,sargeras,pvp,221401,16191,Light Mail Bracers,4,Armor,3,Mail,1,Common
4074.0,615.7126478341013,198.09516407035449,0.5583,0.7533166957084445,alliance,sargeras,pvp,221401,16191,Mail Combat Armor,4,Armor,3,Mail,2,Uncommon
4076.0,621.8360207450075,232.3741078328859,0.3827,0.7637368172438508,alliance,sargeras,pvp,221401,16191,Mail Combat Boots,4,Armor,3,Mail,2,Uncommon
4312.0,135.84980731684985,170.0434231120246,0.0414,-0.7722577057719464,alliance,sargeras,pvp,221401,16191,Soft-Soled Linen Boots,4,Armor,1,Cloth,2,Uncommon
7435.0,76.92579421658986,37.116575725189854,0.4802,0.7181423411697163,alliance,sargeras,pvp,221401,16191,Twilight Mantle,4,Armor,1,Cloth,2,Uncommon
7470.0,318.9233961367128,101.64429835907053,0.6407,0.7175665361334124,alliance,sargeras,pvp,221401,16191,Regal Wizard Hat,4,Armor,1,Cloth,2,Uncommon
7471.0,175.51740622887866,67.2795076728695,0.4321,0.7263690345027867,alliance,sargeras,pvp,221401,16191,Regal Gloves,4,Armor,1,Cloth,2,Uncommon
7523.0,245.44884056349207,120.85837507537342,0.8721,0.7081888885532129,alliance,sargeras,pvp,221401,16191,Gossamer Shoulderpads,4,Armor,1,Cloth,2,Uncommon
8116.0,350.98024143772903,131.1164498347896,0.6522,0.719863374644889,alliance,sargeras,pvp,221401,16191,Heraldic Belt,4,Armor,2,Leather,2,Uncommon
8121.0,381.1179980261136,153.36018983234402,0.682,0.8216602133904365,alliance,sargeras,pvp,221401,16191,Heraldic Gloves,4,Armor,2,Leather,2,Uncommon
8263.0,403.49776756528416,239.01666014867547,1.4495,0.7068666619765331,alliance,sargeras,pvp,221401,16191,Serpentskin Spaulders,4,Armor,2,Leather,2,Uncommon
8277.0,360.79849383256516,163.15284999305274,0.6381,0.7369933702966095,alliance,sargeras,pvp,221401,16191,Valorous Girdle,4,Armor,4,Plate,2,Uncommon
8307.0,350.28947320276507,181.2060826349907,2.1699,0.7867528870799467,alliance,sargeras,pvp,221401,16191,Hero's Boots,4,Armor,3,Mail,2,Uncommon
9291.0,247.9713820199692,123.73237002794754,0.9251,0.7051529774921524,alliance,sargeras,pvp,221401,16191,Field Plate Leggings,4,Armor,4,Plate,2,Uncommon
9773.0,59.44722912442396,22.590682311031237,0.2396,0.7285004837562061,alliance,sargeras,pvp,221401,16191,Greenweave Robe,4,Armor,1,Cloth,2,Uncommon
9897.0,202.15182035330255,61.702309321976024,0.8596,0.7511849532797188,alliance,sargeras,pvp,221401,16191,Jazeraint Chestguard,4,Armor,3,Mail,2,Uncommon
9952.0,136.45754566820275,70.17363205047413,0.7399,0.7416421843774722,alliance,sargeras,pvp,221401,16191,Chieftain's Gloves,4,Armor,2,Leather,2,Uncommon
9966.0,176.23159209677422,73.35030556381284,1.18,0.7564252790105256,alliance,sargeras,pvp,221401,16191,Embossed Plate Armor,4,Armor,4,Plate,2,Uncommon
9970.0,206.2377720046083,86.91680992353803,1.0029,0.7527377832518037,alliance,sargeras,pvp,221401,16191,Embossed Plate Leggings,4,Armor,4,Plate,2,Uncommon
10008.0,116.90952423963134,58.79849705369259,0.7625,0.7323277689789853,alliance,sargeras,pvp,221401,16191,White Bandit Mask,4,Armor,1,Cloth,2,Uncommon
10136.0,49.18039871735791,42.96619996991177,1.5014,0.7110880989259734,alliance,sargeras,pvp,221401,16191,High Councillor's Bracers,4,Armor,1,Cloth,2,Uncommon
10145.0,159.4275881797235,86.06054563575826,1.3736000000000002,0.7126285438391791,alliance,sargeras,pvp,221401,16191,Mighty Girdle,4,Armor,2,Leather,2,Uncommon
10160.0,263.17891794930875,119.58648713120039,2.1657,0.7227907071147028,alliance,sargeras,pvp,221401,16191,Mercurial Circlet,4,Armor,3,Mail,2,Uncommon
10225.0,192.92709374039947,55.99327739250321,1.4097,0.7225202936286371,alliance,sargeras,pvp,221401,16191,Nightshade Gloves,4,Armor,2,Leather,2,Uncommon
10245.0,101.08409533026114,31.54126126684088,1.4932,0.7161164052629652,alliance,sargeras,pvp,221401,16191,Heavy Lamellar Pauldrons,4,Armor,4,Plate,2,Uncommon
10251.0,195.9582969508448,97.12522748826841,1.5756,0.7386380705957118,alliance,sargeras,pvp,221401,16191,Master's Gloves,4,Armor,1,Cloth,2,Uncommon
10254.0,152.05066685867894,41.87885900958467,3.2515,0.7000339555557935,alliance,sargeras,pvp,221401,16191,Master's Robe,4,Armor,1,Cloth,2,Uncommon
10268.0,352.9857261059908,207.84123403509156,1.5585,0.7748138298522972,alliance,sargeras,pvp,221401,16191,Masterwork Gauntlets,4,Armor,3,Mail,2,Uncommon
10276.0,150.93534281874042,58.84108549489965,1.72,0.7201893121348543,alliance,sargeras,pvp,221401,16191,Emerald Sabatons,4,Armor,4,Plate,2,Uncommon
10278.0,210.09868437019966,116.42819956648914,1.0981,0.7635693044398392,alliance,sargeras,pvp,221401,16191,Emerald Girdle,4,Armor,4,Plate,2,Uncommon
10379.0,221.67625788018432,130.6240687404315,2.2418,0.755984537321606,alliance,sargeras,pvp,221401,16191,Commander's Helm,4,Armor,4,Plate,2,Uncommon
11605.0,1064.8560962962965,462.5001553788646,2.0102,-0.7635984908100847,alliance,sargeras,pvp,221401,16191,Dark Iron Shoulders,4,Armor,4,Plate,3,Rare
12415.0,1698.7332374500768,2606.8474792871125,1.9837,0.8154575279225215,alliance,sargeras,pvp,221401,16191,Radiant Breastplate,4,Armor,3,Mail,2,Uncommon
13067.0,70.16908220430106,28.892878317038235,2.5098,0.7202730300922494,alliance,sargeras,pvp,221401,16191,Hydralick Armor,4,Armor,4,Plate,3,Rare
13123.0,31.161840322580648,17.186538372717457,3.6318,0.71414251596789,alliance,sargeras,pvp,221401,16191,Dreamwalker Armor,4,Armor,3,Mail,3,Rare
14162.0,92.98414909340659,79.22845417509552,0.07840000000000001,0.7300196870646779,alliance,sargeras,pvp,221401,16191,Pagan Mitts,4,Armor,1,Cloth,2,Uncommon
14191.0,589.7463,563.8109735039872,0.1551,-0.7101803019653923,alliance,sargeras,pvp,221401,16191,Raincaller Mitts,4,Armor,1,Cloth,2,Uncommon
14253.0,125.30162005376347,40.39680606122342,0.4961,0.8119465716632942,alliance,sargeras,pvp,221401,16191,Lunar Handwraps,4,Armor,1,Cloth,2,Uncommon
14281.0,134.73721190476192,119.29092310309859,1.4284,-0.7353290937628465,alliance,sargeras,pvp,221401,16191,Opulent Crown,4,Armor,1,Cloth,2,Uncommon
14680.0,350.5582185714285,139.17959940934603,3.0527,0.7721334478065229,alliance,sargeras,pvp,221401,16191,Indomitable Vest,4,Armor,2,Leather,2,Uncommon
14763.0,121.56654444444445,135.08432782448818,0.2943,-0.8375645756335708,alliance,sargeras,pvp,221401,16191,Enduring Cape,4,Armor,1,Cloth,2,Uncommon
14775.0,342.5222005069123,135.1259962332581,0.9762,0.7065037959848309,alliance,sargeras,pvp,221401,16191,Ravager's Woolies,4,Armor,3,Mail,2,Uncommon
14779.0,459.6143225317459,209.56777125699298,1.5572,0.7166144189248819,alliance,sargeras,pvp,221401,16191,Khan's Chestpiece,4,Armor,3,Mail,2,Uncommon
15151.0,588.2295268202764,291.6272273569806,0.5529000000000001,0.7082491837254588,alliance,sargeras,pvp,221401,16191,Ghostwalker Legguards,4,Armor,2,Leather,2,Uncommon
15596.0,1310.444737142857,343.6698713544899,0.8061,0.7693589106238433,alliance,sargeras,pvp,221401,16191,Steadfast Legplates,4,Armor,3,Mail,2,Uncommon
15660.0,441.27223069124426,189.7039523408601,2.9648,0.7518117075295292,alliance,sargeras,pvp,221401,16191,Impenetrable Breastplate,4,Armor,3,Mail,2,Uncommon
15672.0,615.2340687173578,376.56820159084515,1.4272,0.7280362895555116,alliance,sargeras,pvp,221401,16191,Magnificent Gauntlets,4,Armor,3,Mail,2,Uncommon
15679.0,195.52002048387095,139.30790157441425,1.4852,0.7078383379340374,alliance,sargeras,pvp,221401,16191,Triumphant Bracers,4,Armor,3,Mail,2,Uncommon
15684.0,432.4169551970444,354.2273013209538,2.3446,0.7145258753064642,alliance,sargeras,pvp,221401,16191,Triumphant Skullcap,4,Armor,3,Mail,2,Uncommon
15947.0,7000.861434666667,9595.43347068663,0.1887,0.7479593923703094,alliance,sargeras,pvp,221401,16191,Sanguine Star,4,Armor,0,Miscellaneous,2,Uncommon
16697.0,1655.7603979166665,1044.6776952033665,1.5096,-0.7106185913120491,alliance,sargeras,pvp,221401,16191,Devout Bracers,4,Armor,1,Cloth,3,Rare
24253.0,11297.065118279572,15741.732614193577,4.4057,-0.761310916633166,alliance,sargeras,pvp,221401,16191,Cloak of Eternity,4,Armor,1,Cloth,3,Rare
24628.0,34.519396666666665,30.002756891536652,2.1721,-0.7328611329789853,alliance,sargeras,pvp,221401,16191,Slavehandler Wristguards,4,Armor,1,Cloth,2,Uncommon
24636.0,40.2782429047619,23.650553219129357,2.2989,-0.7798218347702587,alliance,sargeras,pvp,221401,16191,Feralfen Cuffs,4,Armor,1,Cloth,2,Uncommon
24812.0,129.5799262749616,70.59984795822025,2.6884,0.7228413269165466,alliance,sargeras,pvp,221401,16191,Unyielding Spaulders,4,Armor,3,Mail,2,Uncommon
24984.0,190.14958379416277,54.328261414702276,4.6286000000000005,0.7694058670892218,alliance,sargeras,pvp,221401,16191,Boulderfist Armor,4,Armor,4,Plate,2,Uncommon
25073.0,571.5725228033797,818.7294832715887,3.6784,0.7017439911507419,alliance,sargeras,pvp,221401,16191,Emperor Shield,4,Armor,6,Shield,2,Uncommon
31127.0,106.3012514920635,33.75259139704414,4.8657,0.8007057913792641,alliance,sargeras,pvp,221401,16191,Hauberk of Totemic Rage,4,Armor,3,Mail,3,Rare
36040.0,44.03962006912441,27.5077041038593,7.1126000000000005,0.7593188981696594,alliance,sargeras,pvp,221401,16191,Condor Pants,4,Armor,1,Cloth,2,Uncommon
36047.0,56.009653479262674,64.80817073580508,5.5864,0.7369768109844699,alliance,sargeras,pvp,221401,16191,Crystalsong Crown,4,Armor,1,Cloth,2,Uncommon
36049.0,43.83660930158729,40.562438767272006,5.6275,0.7988675521434713,alliance,sargeras,pvp,221401,16191,Crystalsong Mantle,4,Armor,1,Cloth,2,Uncommon
36210.0,36.7671623316913,22.844707993040696,2.989,-0.7845695008734414,alliance,sargeras,pvp,221401,16191,Nifflevar Bindings,4,Armor,3,Mail,2,Uncommon
36385.0,50.21187176651305,42.08259583511191,5.5655,0.8173827465161502,alliance,sargeras,pvp,221401,16191,Golem Pauldrons,4,Armor,4,Plate,2,Uncommon
42371.0,1524.4993584126987,1414.1445562474676,6.25,0.7229364196195291,alliance,sargeras,pvp,221401,16191,Amber Filigreed Shirt,4,Armor,0,Miscellaneous,1,Common
44674.0,100.95707548654244,46.423426918337526,4.2258,-0.8051238171061492,alliance,sargeras,pvp,221401,16191,Ichor-Stained Wraps,4,Armor,1,Cloth,3,Rare
44692.0,399.9093415942029,245.74079883866358,26.2499,-0.7294628528957006,alliance,sargeras,pvp,221401,16191,Dalaran Nurse's Gown,4,Armor,0,Miscellaneous,1,Common
55731.0,213.46421107526888,103.34762388038192,5.5369,-0.7145562362616651,alliance,sargeras,pvp,221401,16191,Ameth'Aran Handwraps,4,Armor,1,Cloth,2,Uncommon
60202.0,1206.7803314823348,1293.9050520629285,13.2005,0.7578016870914501,alliance,sargeras,pvp,221401,16191,Tsanga's Helm,4,Armor,2,Leather,4,Epic
67115.0,142.2978182936508,82.7299529572497,7.8356,-0.7337535958534399,alliance,sargeras,pvp,221401,16191,Soulheart Bindings,4,Armor,4,Plate,3,Rare
82397.0,53.22077227342549,34.43581415231758,6.2161,0.7653072363289516,alliance,sargeras,pvp,221401,16191,Windwool Hood,4,Armor,1,Cloth,2,Uncommon
82399.0,89.28722670506916,107.73246982158507,8.363399999999999,0.7006987565070647,alliance,sargeras,pvp,221401,16191,Windwool Tunic,4,Armor,1,Cloth,2,Uncommon
98817.0,671.6099185944701,257.98419642621394,17.8949,-0.70410762742355,alliance,sargeras,pvp,221401,16191,Crafted Malevolent Gladiator's Sabatons of Alacrity,4,Armor,3,Mail,3,Rare
98819.0,596.4022872273426,249.27386065728797,11.5796,-0.7156653598320593,alliance,sargeras,pvp,221401,16191,Crafted Malevolent Gladiator's Wristguards of Accuracy,4,Armor,3,Mail,3,Rare
98859.0,214.72831579877115,113.68404989013172,11.4459,-0.7121230986623743,alliance,sargeras,pvp,221401,16191,Crafted Malevolent Gladiator's Girdle of Accuracy,4,Armor,4,Plate,3,Rare
98892.0,521.8451931105991,213.15954928655853,11.4078,-0.7205949875790166,alliance,sargeras,pvp,221401,16191,Crafted Malevolent Gladiator's Armbands of Prowess,4,Armor,3,Mail,3,Rare
2312.0,62.48596529761904,46.48450435670898,0.0255,0.7544309528888532,horde,illidan,pvp,8654,277172,Fine Leather Gloves,4,Armor,2,Leather,2,Uncommon
3889.0,345.5279722222223,285.5139462091059,0.2768,-0.7371293626068993,horde,illidan,pvp,8654,277172,Russet Hat,4,Armor,1,Cloth,1,Common
7546.0,317.0928564055299,212.62509291316826,0.5924999999999999,-0.7470015196831022,horde,illidan,pvp,8654,277172,Champion's Girdle,4,Armor,3,Mail,2,Uncommon
9947.0,257.9088608064516,112.65756815790527,0.7311,0.7230706295355437,horde,illidan,pvp,8654,277172,Chieftain's Belt,4,Armor,2,Leather,2,Uncommon
9950.0,211.09732341013824,114.50256470136809,1.8785,0.7233714788177259,horde,illidan,pvp,8654,277172,Chieftain's Breastplate,4,Armor,2,Leather,2,Uncommon
14458.0,159.93471769585253,99.28059170028642,2.1961,0.739472353669496,horde,illidan,pvp,8654,277172,Elunarian Boots,4,Armor,1,Cloth,2,Uncommon
24617.0,66.08221913210446,43.043113571970046,3.2487000000000004,0.7210784522516315,horde,illidan,pvp,8654,277172,Vindicator Cap,4,Armor,1,Cloth,2,Uncommon
24755.0,62.92547878205129,41.949448666923665,3.3377,-0.7014512649164283,horde,illidan,pvp,8654,277172,Daggerfen Pauldrons,4,Armor,2,Leather,2,Uncommon
24922.0,163.78451537634407,165.0302235475629,2.9384,0.7170384243292471,horde,illidan,pvp,8654,277172,Grimscale Helm,4,Armor,4,Plate,2,Uncommon
38436.0,265.2809517293233,315.751073565008,1.6526999999999998,0.8073079671067711,horde,illidan,pvp,8654,277172,Frostscale Bracers,4,Armor,3,Mail,2,Uncommon
94059.0,147.58796506944444,144.69908266599063,8.5523,-0.7706382428484487,horde,illidan,pvp,8654,277172,Exiled Dabbler's Cinch,4,Armor,1,Cloth,2,Uncommon
6422.0,152.7501184952381,98.43342725531515,0.5265,0.7042188527175598,alliance,zuljin,pve,55736,173312,Glyphed Helm,4,Armor,2,Leather,2,Uncommon
6431.0,568.4745304666666,137.22123733145963,0.7596,0.7420532051630302,alliance,zuljin,pve,55736,173312,Imperial Leather Boots,4,Armor,2,Leather,2,Uncommon
6572.0,104.94488000000001,47.81939844935452,0.1323,0.7401141210920232,alliance,zuljin,pve,55736,173312,Defender Shield,4,Armor,6,Shield,2,Uncommon
6609.0,380.34867851966874,122.82141271554748,0.3759,0.7672901276028207,alliance,zuljin,pve,55736,173312,Sage's Cloth,4,Armor,1,Cloth,2,Uncommon
6836.0,119.14784709677419,32.80801404252356,0.0001,-0.7080027590822249,alliance,zuljin,pve,55736,173312,Dress Shoes,4,Armor,1,Cloth,1,Common
8277.0,647.412396213152,281.72590562290287,0.6381,0.7007137254546536,alliance,zuljin,pve,55736,173312,Valorous Girdle,4,Armor,4,Plate,2,Uncommon
8293.0,214.81424625541123,87.31722330158308,1.2028,0.7475196227992221,alliance,zuljin,pve,55736,173312,Traveler's Belt,4,Armor,2,Leather,2,Uncommon
8300.0,742.0659170068027,122.4785676282061,2.8241,0.7356745053628772,alliance,zuljin,pve,55736,173312,Traveler's Leggings,4,Armor,2,Leather,2,Uncommon
8302.0,446.9301363664596,214.614370715619,1.2977,0.7861349967063548,alliance,zuljin,pve,55736,173312,Hero's Bracers,4,Armor,3,Mail,2,Uncommon
8308.0,535.4119713194444,148.58186069082885,2.1779,0.7652450841193199,alliance,zuljin,pve,55736,173312,Hero's Band,4,Armor,3,Mail,2,Uncommon
9952.0,172.8918636380953,63.71589015978634,0.7399,0.7105180378056235,alliance,zuljin,pve,55736,173312,Chieftain's Gloves,4,Armor,2,Leather,2,Uncommon
9960.0,214.94631014991177,76.85971436524214,0.6598,0.7254175364821384,alliance,zuljin,pve,55736,173312,Warmonger's Gauntlets,4,Armor,3,Mail,2,Uncommon
10092.0,104.7214723469388,50.58191603776481,0.9785,0.7046747778066016,alliance,zuljin,pve,55736,173312,Gothic Plate Spaulders,4,Armor,4,Plate,2,Uncommon
11971.0,6.178846527777778,2.2546694942247965,0.3969,-0.7152359600192724,alliance,zuljin,pve,55736,173312,Amethyst Band,4,Armor,0,Miscellaneous,2,Uncommon
14119.0,625.5191658234127,154.35384499773903,0.0662,0.8004355762920942,alliance,zuljin,pve,55736,173312,Aboriginal Loincloth,4,Armor,1,Cloth,2,Uncommon
14241.0,279.13854324016563,139.52494262140675,0.4069,0.8363984307725677,alliance,zuljin,pve,55736,173312,Darkmist Handguards,4,Armor,1,Cloth,2,Uncommon
14249.0,825.8421681944446,331.6324830720886,1.3229,0.7674282714132331,alliance,zuljin,pve,55736,173312,Lunar Vest,4,Armor,1,Cloth,2,Uncommon
14274.0,1163.4590231060606,197.33164363879746,1.8285,0.7151383128203029,alliance,zuljin,pve,55736,173312,Gaea's Leggings,4,Armor,1,Cloth,2,Uncommon
14417.0,608.0119619246033,357.12385796849617,1.0304,0.7516543099998205,alliance,zuljin,pve,55736,173312,Silksand Tunic,4,Armor,1,Cloth,2,Uncommon
14418.0,370.1371808333334,177.24664539175618,0.5411,0.7922105711481447,alliance,zuljin,pve,55736,173312,Silksand Boots,4,Armor,1,Cloth,2,Uncommon
14668.0,597.8489230325814,210.99753966084808,1.9035,0.7461405283783787,alliance,zuljin,pve,55736,173312,Keeper's Woolies,4,Armor,2,Leather,2,Uncommon
14774.0,409.3312288194445,115.5589432292655,0.728,0.8092270131090028,alliance,zuljin,pve,55736,173312,Ravager's Crown,4,Armor,3,Mail,2,Uncommon
14795.0,554.207084448052,161.04220267894115,1.4778,0.7837611069820517,alliance,zuljin,pve,55736,173312,Protector Helm,4,Armor,3,Mail,2,Uncommon
15148.0,841.9828062554114,369.9397387721557,0.2272,0.7263228345544824,alliance,zuljin,pve,55736,173312,Ghostwalker Belt,4,Armor,2,Leather,2,Uncommon
15161.0,649.2331449333333,157.31289465430544,0.4673,0.7641057743511159,alliance,zuljin,pve,55736,173312,Imposing Belt,4,Armor,2,Leather,2,Uncommon
15368.0,485.03432475198406,295.16797846174114,0.5134,0.7647156217872415,alliance,zuljin,pve,55736,173312,Trickster's Pauldrons,4,Armor,2,Leather,2,Uncommon
15395.0,510.21585237013005,228.74252382831864,1.4504,0.7935933652042961,alliance,zuljin,pve,55736,173312,Jadefire Epaulets,4,Armor,2,Leather,2,Uncommon
15529.0,2944.1086294841275,737.480767293388,0.2902,0.7878440791765848,alliance,zuljin,pve,55736,173312,Sentry's Leggings,4,Armor,3,Mail,2,Uncommon
15584.0,408.4199885912699,201.29040303150498,0.7594,0.7345109843813312,alliance,zuljin,pve,55736,173312,Sparkleshell Shield,4,Armor,6,Shield,2,Uncommon
15606.0,571.7115713668429,122.47886204230295,0.4207,0.7360148912544585,alliance,zuljin,pve,55736,173312,Ancient Belt,4,Armor,3,Mail,2,Uncommon
15667.0,1036.2197642532474,354.9592166696897,2.7798,0.7494623764237869,alliance,zuljin,pve,55736,173312,Impenetrable Wall,4,Armor,6,Shield,2,Uncommon
15964.0,69.53611163690476,22.43471537341293,0.6364,0.7603802343465497,alliance,zuljin,pve,55736,173312,Silksand Star,4,Armor,0,Miscellaneous,2,Uncommon
15978.0,370.1417548964803,150.61482543378656,0.5385,0.7425382777602348,alliance,zuljin,pve,55736,173312,Geomancer's Rod,4,Armor,0,Miscellaneous,2,Uncommon
37890.0,425.2077972902495,286.2658605748285,10.2904,0.7912981975734324,alliance,zuljin,pve,55736,173312,Chain Gang Legguards,4,Armor,2,Leather,3,Rare
42095.0,1707.171589202899,457.45385802257465,2.3493,0.7156294223492803,alliance,zuljin,pve,55736,173312,Light Blessed Mittens,4,Armor,1,Cloth,3,Rare
98849.0,397.53843520634916,382.7541460629901,11.8003,0.7188351827824904,alliance,zuljin,pve,55736,173312,Crafted Malevolent Gladiator's Clasp of Meditation,4,Armor,4,Plate,3,Rare
55558.0,136.60190912698414,86.40091826545472,6.8062,-0.7276807813164989,horde,zuljin,pve,55736,173312,Crystalvein Girdle,4,Armor,4,Plate,2,Uncommon
718.0,10.518964814814815,6.70512668937617,0.0378,0.7421007493421432,alliance,proudmoore,pve,183898,39206,Scalemail Gloves,4,Armor,3,Mail,1,Common
9850.0,71.46306376344086,52.75143018976047,0.4182,0.737142173479369,alliance,proudmoore,pve,183898,39206,Conjurer's Mantle,4,Armor,1,Cloth,2,Uncommon
10126.0,44.714284259259266,53.86845099101664,1.0402,0.7512652559542436,alliance,proudmoore,pve,183898,39206,Ornate Bracers,4,Armor,3,Mail,2,Uncommon
10138.0,52.78459678187404,39.589288690532605,2.1439,0.7516776131048108,alliance,proudmoore,pve,183898,39206,High Councillor's Cloak,4,Armor,1,Cloth,2,Uncommon
14373.0,148.2607934375,143.24986392744944,0.0923,0.7654373583740901,alliance,proudmoore,pve,183898,39206,Sanguine Belt,4,Armor,1,Cloth,2,Uncommon
15175.0,267.76787325,239.77812633790114,1.3544,0.7505634295440734,alliance,proudmoore,pve,183898,39206,Potent Helmet,4,Armor,2,Leather,2,Uncommon
15918.0,83.32949560606062,87.8526930069092,0.4848,0.8243356817586934,alliance,proudmoore,pve,183898,39206,Conjurer's Sphere,4,Armor,0,Miscellaneous,2,Uncommon
18296.0,183.33809452380953,94.72695772831732,0.7,0.7144461427931685,alliance,proudmoore,pve,183898,39206,Marksman Bands,4,Armor,3,Mail,3,Rare
36004.0,40.959565705128206,60.02039446618467,4.93,0.8486913552165203,alliance,proudmoore,pve,183898,39206,Icemist Slippers,4,Armor,1,Cloth,2,Uncommon
36015.0,22.6153091954023,8.770117036494801,5.2570000000000014,0.7253981420475591,alliance,proudmoore,pve,183898,39206,Tethys Hood,4,Armor,1,Cloth,2,Uncommon
36356.0,19.725370833333333,9.077226504714481,5.42,0.9999648911772449,alliance,proudmoore,pve,183898,39206,Frostpaw Greaves,4,Armor,4,Plate,2,Uncommon
67037.0,854.5299875,1348.107644161796,8.0507,0.8209737984768859,alliance,proudmoore,pve,183898,39206,Binding Promise,4,Armor,0,Miscellaneous,3,Rare
68753.0,44.09288636363637,54.12634572625772,0.0084,0.9221531214279184,alliance,proudmoore,pve,183898,39206,Imbued Infantry Bracers,4,Armor,3,Mail,2,Uncommon
82427.0,189.46236126984127,186.54479001049586,8.392900000000001,0.8336963435883872,alliance,proudmoore,pve,183898,39206,Contender's Silk Footwraps,4,Armor,1,Cloth,3,Rare
93548.0,233.17345894736843,117.79471266779717,11.027999999999999,0.8949794880611893,alliance,proudmoore,pve,183898,39206,Crafted Dreadful Gladiator's Armplates of Alacrity,4,Armor,4,Plate,3,Rare
3310.0,296.43057611111107,163.4716831068721,0.07730000000000001,0.7405234043124017,horde,proudmoore,pve,183898,39206,Barbaric Cloth Vest,4,Armor,1,Cloth,2,Uncommon
4738.0,1377.5778277777779,1031.7854492585482,0.4638000000000001,-0.7309722354980329,horde,proudmoore,pve,183898,39206,Imperial Leather Belt,4,Armor,2,Leather,2,Uncommon
6565.0,147.77804068627452,143.19162153838033,0.0693,0.7349157564634534,horde,proudmoore,pve,183898,39206,Shimmering Gloves,4,Armor,1,Cloth,2,Uncommon
7469.0,236.7308824716553,85.06875925990119,1.0997,0.7075266548479408,horde,proudmoore,pve,183898,39206,Regal Leggings,4,Armor,1,Cloth,2,Uncommon
10270.0,763.0853811458334,266.1378071694252,2.3369,0.7400963710128202,horde,proudmoore,pve,183898,39206,Masterwork Boots,4,Armor,3,Mail,2,Uncommon
13007.0,69.9366897707231,33.31977398470469,2.3729,0.7071173916045169,horde,proudmoore,pve,183898,39206,Mageflame Cloak,4,Armor,1,Cloth,3,Rare
14184.0,791.4792504385965,311.9145255731904,0.3004,-0.8127418963630494,horde,proudmoore,pve,183898,39206,Watcher's Robes,4,Armor,1,Cloth,2,Uncommon
15077.0,38.37777777777777,22.157128870599642,0.8935,-0.8247118454288926,horde,proudmoore,pve,183898,39206,Heavy Scorpid Bracers,4,Armor,3,Mail,2,Uncommon
24651.0,212.92133284126984,236.25475398545714,3.5426,0.8200859659293362,horde,proudmoore,pve,183898,39206,Astralaan Shoulderpads,4,Armor,1,Cloth,2,Uncommon
24659.0,438.80864510582006,287.68571187396515,3.4734,0.7181164468273918,horde,proudmoore,pve,183898,39206,Consortium Mantle,4,Armor,1,Cloth,2,Uncommon
24913.0,210.5276796875,237.25981673683947,2.7171,0.7218929294930913,horde,proudmoore,pve,183898,39206,Netherstorm Gauntlets,4,Armor,3,Mail,2,Uncommon
36385.0,29.576292708333337,12.411912833670259,5.5655,-0.7190352180992339,horde,proudmoore,pve,183898,39206,Golem Pauldrons,4,Armor,4,Plate,2,Uncommon
36390.0,58.37052324561404,48.22642466834269,3.9928,-0.7913583911979112,horde,proudmoore,pve,183898,39206,Revenant Gauntlets,4,Armor,4,Plate,2,Uncommon
39088.0,15.303236250000001,13.382666912181852,2.2257,0.7051211737944296,horde,proudmoore,pve,183898,39206,Cobalt Boots,4,Armor,4,Plate,2,Uncommon
40668.0,32.44740775,41.01218472373084,2.7731,0.7850297605086238,horde,proudmoore,pve,183898,39206,Cobalt Triangle Shield,4,Armor,6,Shield,2,Uncommon
40949.0,13.537051111111113,6.535305843186147,2.2846,0.7696705523848283,horde,proudmoore,pve,183898,39206,Spiked Cobalt Boots,4,Armor,4,Plate,2,Uncommon
40950.0,15.268796956521738,7.646184483815852,2.3517,0.70827023090856,horde,proudmoore,pve,183898,39206,Spiked Cobalt Shoulders,4,Armor,4,Plate,2,Uncommon
41114.0,52.07966624999999,76.77589923463312,2.2197,0.749292017790128,horde,proudmoore,pve,183898,39206,Tempered Saronite Gauntlets,4,Armor,4,Plate,3,Rare
43664.0,406.140350877193,372.4358684671197,1.1364,0.8527729150880857,horde,proudmoore,pve,183898,39206,Manual of Clouds,4,Armor,0,Miscellaneous,3,Rare
87487.0,967.9532042242702,495.435143306342,21.2966,0.7075901987375786,horde,proudmoore,pve,183898,39206,Turpster's Sonorous Shield,4,Armor,6,Shield,3,Rare
94214.0,781.1456291666667,291.834149793245,15.6657,0.7141778647488076,horde,proudmoore,pve,183898,39206,Loa-Binder Disc,4,Armor,6,Shield,2,Uncommon
98825.0,597.5868964285714,121.79306906617873,12.2477,0.7166329209889214,horde,proudmoore,pve,183898,39206,Crafted Malevolent Gladiator's Silk Handguards,4,Armor,1,Cloth,3,Rare
6423.0,412.06873520408163,67.05229361760921,0.8386,0.7466727257258284,alliance,bleeding-hollow,pvp,59670,167822,Blackforge Greaves,4,Armor,3,Mail,2,Uncommon
6577.0,88.91099626190477,47.32948712780866,0.0761,-0.7104976181250383,alliance,bleeding-hollow,pvp,59670,167822,Defender Gauntlets,4,Armor,3,Mail,2,Uncommon
6836.0,287.2174949074074,415.1062029461577,0.0001,0.7723996004283046,alliance,bleeding-hollow,pvp,59670,167822,Dress Shoes,4,Armor,1,Cloth,1,Common
8134.0,60.12758333333333,28.610290319191797,1.5993,0.7171330661750908,alliance,bleeding-hollow,pvp,59670,167822,Myrmidon's Defender,4,Armor,6,Shield,2,Uncommon
8254.0,157.38587260822513,14.962687156325003,1.5091,0.7346334557478449,alliance,bleeding-hollow,pvp,59670,167822,Imperial Red Circlet,4,Armor,1,Cloth,2,Uncommon
9876.0,145.4422980380953,66.43137495331624,0.5496000000000001,-0.7130239312553754,alliance,bleeding-hollow,pvp,59670,167822,Sorcerer Slippers,4,Armor,1,Cloth,2,Uncommon
9877.0,23.257948039215684,16.32167737942873,0.473,0.7195429946795588,alliance,bleeding-hollow,pvp,59670,167822,Sorcerer Cloak,4,Armor,1,Cloth,2,Uncommon
14207.0,124.320144375,35.187477528521605,0.5383,0.7340307015933224,alliance,bleeding-hollow,pvp,59670,167822,Vital Leggings,4,Armor,1,Cloth,2,Uncommon
14563.0,145.8750875,254.39333811762415,0.0481,0.7850949780060641,alliance,bleeding-hollow,pvp,59670,167822,Prospector's Cloak,4,Armor,1,Cloth,2,Uncommon
14919.0,2060.2205578690473,457.831003155206,1.348,0.7571391978162193,alliance,bleeding-hollow,pvp,59670,167822,Jade Circlet,4,Armor,4,Plate,2,Uncommon
15493.0,491.9504127956989,463.6231410542511,0.07550000000000001,0.7238919830861137,alliance,bleeding-hollow,pvp,59670,167822,Bloodspattered Loincloth,4,Armor,3,Mail,2,Uncommon
15591.0,1480.075702055138,262.2831334492176,1.0196,0.7078221713527334,alliance,bleeding-hollow,pvp,59670,167822,Steadfast Breastplate,4,Armor,3,Mail,2,Uncommon
15625.0,459.84723401960787,75.94661683040913,0.6827000000000001,0.7247498524474593,alliance,bleeding-hollow,pvp,59670,167822,Gryphon Mail Gauntlets,4,Armor,3,Mail,2,Uncommon
24874.0,36.17183555555555,21.162492137582678,3.5037,0.7847422540754699,alliance,bleeding-hollow,pvp,59670,167822,Ironspine Helm,4,Armor,3,Mail,2,Uncommon
36148.0,49.48283240740741,26.711441892665476,5.7746,0.7057578605746425,alliance,bleeding-hollow,pvp,59670,167822,Pygmy Boots,4,Armor,2,Leather,2,Uncommon
36420.0,14.772067916666668,25.691449275724715,3.3162000000000003,0.8187973874646861,alliance,bleeding-hollow,pvp,59670,167822,Gemstone Ring,4,Armor,0,Miscellaneous,2,Uncommon
54482.0,376.7820398039216,484.4702550156001,4.7722,0.7023603658725067,alliance,bleeding-hollow,pvp,59670,167822,Spiritmend Boots,4,Armor,1,Cloth,2,Uncommon
55672.0,70.10782916666668,30.195208091249174,9.6341,0.7019226524212149,alliance,bleeding-hollow,pvp,59670,167822,Rocktusk Hood,4,Armor,2,Leather,2,Uncommon
55762.0,109.9939231884058,30.5526224435468,9.5326,0.7975252712026346,alliance,bleeding-hollow,pvp,59670,167822,Brightwood Shoulderpads,4,Armor,1,Cloth,2,Uncommon
90476.0,421.32874484848486,238.39510451269135,5.461,0.7122432919585359,alliance,bleeding-hollow,pvp,59670,167822,Windwool Gloves,4,Armor,1,Cloth,3,Rare
10004.0,610.1345033333332,560.4805342012727,1.0043,0.7835273793452514,horde,bleeding-hollow,pvp,59670,167822,Shadoweave Robe,4,Armor,1,Cloth,2,Uncommon
13087.0,491.9166657407408,490.771865618837,0.5896,-0.7488065924893983,horde,bleeding-hollow,pvp,59670,167822,River Pride Choker,4,Armor,0,Miscellaneous,3,Rare
15519.0,37.5196457936508,43.745928041252576,0.106,0.7505738320493198,horde,bleeding-hollow,pvp,59670,167822,Spiked Chain Cloak,4,Armor,1,Cloth,2,Uncommon
30738.0,517.2293375476189,93.5795903707878,6.0256,-0.7430502238653909,horde,bleeding-hollow,pvp,59670,167822,Ring of Reciprocity,4,Armor,0,Miscellaneous,4,Epic
38417.0,99.45370288220552,60.999349540917855,2.4085,0.7590870048266757,horde,bleeding-hollow,pvp,59670,167822,Nerubian Shoulders,4,Armor,3,Mail,2,Uncommon
6578.0,40.692499554531494,35.85002662807153,0.152,0.7114873582161902,alliance,wyrmrest-accord,pve,82159,91986,Defender Leggings,4,Armor,3,Mail,2,Uncommon
8346.0,189.3198143939394,109.53338929527516,0.7551,0.7100333896960102,alliance,wyrmrest-accord,pve,82159,91986,Gauntlets of the Sea,4,Armor,2,Leather,3,Rare
10196.0,95.26901951612905,61.53908609475483,0.8909,0.7057146838842369,alliance,wyrmrest-accord,pve,82159,91986,Crusader's Gauntlets,4,Armor,3,Mail,2,Uncommon
10280.0,167.2208198233487,89.1387086923958,2.7515,0.7257698017913737,alliance,wyrmrest-accord,pve,82159,91986,Emerald Legplates,4,Armor,4,Plate,2,Uncommon
10388.0,205.77197526881722,114.00107968529032,2.2117,0.7298897109349081,alliance,wyrmrest-accord,pve,82159,91986,Hyperion Helm,4,Armor,4,Plate,2,Uncommon
14418.0,172.7533969585254,95.74873136260616,0.5411,0.7253580384013695,alliance,wyrmrest-accord,pve,82159,91986,Silksand Boots,4,Armor,1,Cloth,2,Uncommon
14434.0,1373.5815617301594,743.7272093196996,1.5236,0.7173159488140127,alliance,wyrmrest-accord,pve,82159,91986,Windchaser Robes,4,Armor,1,Cloth,2,Uncommon
24769.0,106.74750721966204,53.769872412155195,3.7967,0.7200335901410445,alliance,wyrmrest-accord,pve,82159,91986,Clefthoof Cover,4,Armor,2,Leather,2,Uncommon
24807.0,137.86137689708144,124.18519634091767,2.9179,0.7363075318155519,alliance,wyrmrest-accord,pve,82159,91986,Unyielding Footwraps,4,Armor,3,Mail,2,Uncommon
25044.0,102.5522784101382,198.01788608835702,2.6809000000000003,0.7064873480610392,alliance,wyrmrest-accord,pve,82159,91986,Rubellite Ring,4,Armor,0,Miscellaneous,2,Uncommon
30727.0,6359.81897267857,1527.4941710959224,8.5858,-0.7370020240928001,alliance,wyrmrest-accord,pve,82159,91986,Gilded Trousers of Benediction,4,Armor,1,Cloth,4,Epic
38419.0,82.93311927083334,113.8846926292728,2.3646,0.7610212039742288,alliance,wyrmrest-accord,pve,82159,91986,Nerubian Boots,4,Armor,3,Mail,2,Uncommon
38440.0,42.910142105263155,41.263738237017094,2.4964000000000004,-0.7213360143209788,alliance,wyrmrest-accord,pve,82159,91986,Frostscale Helm,4,Armor,3,Mail,2,Uncommon
40955.0,54.2926412749616,53.961032046642295,2.6444,0.7027178328897817,alliance,wyrmrest-accord,pve,82159,91986,Horned Cobalt Helm,4,Armor,4,Plate,2,Uncommon
49.0,11444.444444444445,5735.114156800577,0.0001,0.8121664814355501,horde,wyrmrest-accord,pve,82159,91986,Footpad's Shirt,4,Armor,0,Miscellaneous,1,Common
7063.0,753.3051967532466,1071.3434871395407,0.8297,0.7232546867231463,horde,wyrmrest-accord,pve,82159,91986,Crimson Silk Robe,4,Armor,1,Cloth,2,Uncommon
7064.0,28877.24347700281,73015.94454710015,0.4523,0.7058050223125611,horde,wyrmrest-accord,pve,82159,91986,Crimson Silk Gloves,4,Armor,1,Cloth,2,Uncommon
8108.0,66.27437460317459,74.37335347801633,0.6326,0.7585454283740667,horde,wyrmrest-accord,pve,82159,91986,Hibernal Bracers,4,Armor,1,Cloth,2,Uncommon
14163.0,469.4114393518518,192.23757603527267,0.2044,0.8638523957396306,horde,wyrmrest-accord,pve,82159,91986,Pagan Wraps,4,Armor,1,Cloth,2,Uncommon
14235.0,570.7883982539684,339.5058653606757,0.3149,0.7945222137978315,horde,wyrmrest-accord,pve,82159,91986,Embersilk Cord,4,Armor,1,Cloth,2,Uncommon
14965.0,133.33660938375348,56.83647753661966,0.7832,-0.7079287425929978,horde,wyrmrest-accord,pve,82159,91986,High Chief's Bindings,4,Armor,4,Plate,2,Uncommon
37764.0,424.5907928571429,373.94653622813587,4.105,0.7432585827206604,horde,wyrmrest-accord,pve,82159,91986,Corehound Fang Shoulderpads,4,Armor,2,Leather,3,Rare
43129.0,158.77640944444448,44.57432246762698,3.9582,0.7003182980319392,horde,wyrmrest-accord,pve,82159,91986,Razorstrike Breastplate,4,Armor,3,Mail,3,Rare
49408.0,1394.5208333333333,969.4487014392369,0.0002,0.7795373686815845,horde,wyrmrest-accord,pve,82159,91986,Gilnean Acolyte's Robe,4,Armor,1,Cloth,1,Common
62103.0,74.74766333333335,167.99817719804844,2.0106,0.7233703724931209,horde,wyrmrest-accord,pve,82159,91986,Pockmarked Hat,4,Armor,1,Cloth,0,Poor
75065.0,392.5,174.45152144172698,14.0532,0.8505333075416897,horde,wyrmrest-accord,pve,82159,91986,Vicious Embersilk Cape,4,Armor,1,Cloth,3,Rare
82075.0,106.56221735544217,58.24113399556892,7.9089,0.7562879594867954,horde,wyrmrest-accord,pve,82159,91986,Brick Vambraces,4,Armor,4,Plate,2,Uncommon
82141.0,45.54370139016897,27.983972803567397,8.343399999999999,0.7769978637687202,horde,wyrmrest-accord,pve,82159,91986,Brewer's Handwraps,4,Armor,1,Cloth,2,Uncommon
93433.0,307.08075047619053,84.39114871850147,17.873900000000006,0.7067376620357011,horde,wyrmrest-accord,pve,82159,91986,Crafted Dreadful Gladiator's Treads of Meditation,4,Armor,1,Cloth,3,Rare
7488.0,202.32717354761905,89.64956188307251,0.7031,0.7566153122376452,alliance,lightbringer,pve,139668,34463,Captain's Circlet,4,Armor,3,Mail,2,Uncommon
8158.0,322.0688025396825,201.908120553105,0.3936,0.8072645435143211,alliance,lightbringer,pve,139668,34463,Jouster's Gauntlets,4,Armor,4,Plate,2,Uncommon
13068.0,693.2029936507937,295.38495870884543,0.8358,0.7007107154479081,alliance,lightbringer,pve,139668,34463,Obsidian Greaves,4,Armor,4,Plate,3,Rare
13871.0,36.912369912280695,26.93109577293874,2.3514,-0.711583790040854,alliance,lightbringer,pve,139668,34463,Frostweave Pants,4,Armor,1,Cloth,2,Uncommon
14186.0,336.3044856878307,144.15285282093788,0.20600000000000002,0.7735791237651949,alliance,lightbringer,pve,139668,34463,Raincaller Mantle,4,Armor,1,Cloth,2,Uncommon
14211.0,353.61054575268815,322.12530661179915,0.2332,0.7154736495123829,alliance,lightbringer,pve,139668,34463,Vital Handwraps,4,Armor,1,Cloth,2,Uncommon
14295.0,450.1135725935374,251.4621548057727,2.3165,-0.7385873059380927,alliance,lightbringer,pve,139668,34463,Arachnidian Legguards,4,Armor,1,Cloth,2,Uncommon
14675.0,708.9878590937021,230.94958390636094,1.152,0.7034933800601539,alliance,lightbringer,pve,139668,34463,Pridelord Gloves,4,Armor,2,Leather,2,Uncommon
21779.0,36.057967647058824,19.866158759825005,2.1305,0.7489708268341958,alliance,lightbringer,pve,139668,34463,Band of Natural Fire,4,Armor,0,Miscellaneous,3,Rare
24759.0,203.09488425396827,359.59674763785245,4.646,0.7094224257268242,alliance,lightbringer,pve,139668,34463,Umbrafen Tunic,4,Armor,2,Leather,2,Uncommon
24902.0,21.023488222222223,8.992325110276248,2.7422000000000004,0.7935983489518165,alliance,lightbringer,pve,139668,34463,Talhide Stitched-Belt,4,Armor,3,Mail,2,Uncommon
36135.0,26.364037250000003,10.036055964789947,5.1287,0.7671881092697331,alliance,lightbringer,pve,139668,34463,Wolverine Cap,4,Armor,2,Leather,2,Uncommon
36215.0,15.917775000000002,10.506936218765398,4.780200000000002,0.7742245238272772,alliance,lightbringer,pve,139668,34463,Orca Helmet,4,Armor,3,Mail,2,Uncommon
36335.0,33.86098133333333,16.902004750909498,5.0276,0.7040665731060161,alliance,lightbringer,pve,139668,34463,Grizzlemaw Helm,4,Armor,4,Plate,2,Uncommon
38410.0,49.31130294117647,42.324637282100795,2.9733,0.8658850999541731,alliance,lightbringer,pve,139668,34463,Iceborne Leggings,4,Armor,2,Leather,2,Uncommon
40674.0,59.03947604166667,52.82824087367087,4.2309,0.7506614195608167,alliance,lightbringer,pve,139668,34463,Tempered Saronite Legplates,4,Armor,4,Plate,3,Rare
44647.0,701.0381161111111,386.3133646228234,19.2133,0.7311986922218671,alliance,lightbringer,pve,139668,34463,Violet Hat,4,Armor,0,Miscellaneous,1,Common
55737.0,141.25924141025638,120.0831281388801,6.3439,0.7284254635068038,alliance,lightbringer,pve,139668,34463,Mystral Handwraps,4,Armor,1,Cloth,2,Uncommon
82199.0,24.237350330261144,6.240191418588004,11.917,-0.7464718236906447,alliance,lightbringer,pve,139668,34463,Trellised Sandals,4,Armor,1,Cloth,2,Uncommon
93620.0,589.60301,288.6245560609392,23.361,0.7762092192674509,alliance,lightbringer,pve,139668,34463,Crafted Dreadful Gladiator's Plate Chestpiece,4,Armor,4,Plate,3,Rare
4333.0,69.82777777777778,38.60299524428208,0.12,0.8672817630283445,horde,lightbringer,pve,139668,34463,Dark Silk Shirt,4,Armor,0,Miscellaneous,1,Common
4699.0,22.050223148148152,34.61316132196108,0.0389,0.8565650405231809,horde,lightbringer,pve,139668,34463,Seer's Belt,4,Armor,1,Cloth,2,Uncommon
9818.0,27.04023777777778,79.5987294155452,0.1962,0.7808418515799462,horde,lightbringer,pve,139668,34463,Fortified Chain,4,Armor,3,Mail,2,Uncommon
18231.0,734.5360000000001,461.2435764615951,0.0361,0.7094588428937438,horde,lightbringer,pve,139668,34463,Sleeveless T-Shirt,4,Armor,0,Miscellaneous,1,Common
24722.0,150.2715133333333,269.00657635919424,4.0942,0.7091905835693703,horde,lightbringer,pve,139668,34463,Dreghood Trousers,4,Armor,2,Leather,2,Uncommon
24906.0,125.14336403508773,123.5446821614193,3.7489,0.7370054327385652,horde,lightbringer,pve,139668,34463,Talhide Helmet,4,Armor,3,Mail,2,Uncommon
43515.0,13.333496059113298,10.683772346145837,0.0677,0.7362790246956435,horde,lightbringer,pve,139668,34463,Mystic Tome,4,Armor,0,Miscellaneous,3,Rare
43657.0,26.421906984126984,7.23246532517108,0.2604,0.8252759714945749,horde,lightbringer,pve,139668,34463,Royal Guide of Escape Routes,4,Armor,0,Miscellaneous,3,Rare
82205.0,54.68976444444444,33.18226353665683,8.533999999999999,0.8146033731539449,horde,lightbringer,pve,139668,34463,Thresher Gloves,4,Armor,2,Leather,2,Uncommon
82258.0,99.9131765909091,207.97266281371162,12.8035,0.7279123096815131,horde,lightbringer,pve,139668,34463,Vine Boots,4,Armor,2,Leather,2,Uncommon
98757.0,420.90757368421055,140.77336643961468,16.9785,0.7047086543089409,horde,lightbringer,pve,139668,34463,Crafted Malevolent Gladiator's Cape of Prowess,4,Armor,1,Cloth,3,Rare
98770.0,229.68409068627452,152.8248393908944,12.4672,0.7160191692516529,horde,lightbringer,pve,139668,34463,Crafted Malevolent Gladiator's Cuffs of Prowess,4,Armor,1,Cloth,3,Rare
6833.0,89.70715178955454,156.5528603388222,0.0,0.7346626696901448,alliance,stormrage,pve,251072,10318,White Tuxedo Shirt,4,Armor,0,Miscellaneous,1,Common
6835.0,219.05219079109054,525.8452167294532,0.0001,0.768216473173476,alliance,stormrage,pve,251072,10318,Black Tuxedo Pants,4,Armor,0,Miscellaneous,1,Common
15055.0,292.86190476190484,177.10962388313007,2.1616,0.814484755981213,alliance,stormrage,pve,251072,10318,Volcanic Shoulders,4,Armor,2,Leather,2,Uncommon
40942.0,148.30481638248847,98.45125714878007,2.4,0.8164518674613099,alliance,stormrage,pve,251072,10318,Spiked Cobalt Helm,4,Armor,4,Plate,2,Uncommon
43255.0,214.7733163541667,157.14980511496904,2.5024,0.7437708286868109,alliance,stormrage,pve,251072,10318,Seafoam Gauntlets,4,Armor,2,Leather,3,Rare
93439.0,170.31266850230415,176.71436693988883,16.6014,0.7626946285125519,alliance,stormrage,pve,251072,10318,Crafted Dreadful Gladiator's Drape of Meditation,4,Armor,1,Cloth,3,Rare
20818.0,4.218428125,2.7977515811657594,0.0625,0.8085200809843767,horde,stormrage,pve,251072,10318,Elegant Silver Ring,4,Armor,0,Miscellaneous,2,Uncommon
82196.0,27.876198958333333,10.73918894910989,8.2831,0.7653325734302979,horde,stormrage,pve,251072,10318,Trellised Handwraps,4,Armor,1,Cloth,2,Uncommon
82293.0,54.36436764705883,22.168223267360514,13.2489,0.8003266722986879,horde,stormrage,pve,251072,10318,Temple Sabatons,4,Armor,4,Plate,2,Uncommon
